leg,journee,date,hour,match,win_type,score,available,winner
Second Leg,,19 décembre 2025,Terminé,Tampa Bay Lightning - Los Angeles Kings,Regular Time,1 - 2,no,Los Angeles Kings
Second Leg,,19 décembre 2025,Terminé,Washington Capitals - Toronto Maple Leafs,Regular Time,4 - 0,no,Washington Capitals
Second Leg,,19 décembre 2025,Terminé,Columbus Blue Jackets - Minnesota Wild,Regular Time,2 - 5,no,Minnesota Wild
Second Leg,,19 décembre 2025,Terminé,Boston Bruins - Edmonton Oilers,Regular Time,1 - 3,no,Edmonton Oilers
Second Leg,,19 décembre 2025,Terminé,Montreal Canadiens - Chicago Blackhawks,Regular Time,4 - 1,no,Montreal Canadiens
Second Leg,,19 décembre 2025,Terminé,Ottawa Senators - Pittsburgh Penguins,Regular Time,4 - 0,no,Ottawa Senators
Second Leg,,19 décembre 2025,Terminé,Buffalo Sabres - Philadelphia Flyers,Regular Time,5 - 3,no,Buffalo Sabres
Second Leg,,19 décembre 2025,Terminé,St.Louis Blues - New York Rangers,Extra Time,1 - 2,no,New York Rangers
Second Leg,,19 décembre 2025,Terminé,Calgary Flames - Seattle Kraken,Regular Time,4 - 2,no,Calgary Flames
Second Leg,,19 décembre 2025,Terminé,San Jose Sharks - Dallas Stars,Regular Time,3 - 5,no,Dallas Stars
Second Leg,,20 décembre 2025,01:00,New York Islanders - Vancouver Canucks,Regular Time,No Score,yes,
Second Leg,,20 décembre 2025,01:00,Florida Panthers - Carolina Hurricanes,Regular Time,No Score,yes,
Second Leg,,20 décembre 2025,03:00,Colorado Avalanche - Winnipeg Jets,Regular Time,No Score,yes,
Second Leg,,20 décembre 2025,03:00,Utah Mammoth - New Jersey Devils,Regular Time,No Score,yes,
Second Leg,,20 décembre 2025,04:00,Anaheim Ducks - Dallas Stars,Regular Time,No Score,yes,
Second Leg,,20 décembre 2025,18:30,New York Rangers - Philadelphia Flyers,Regular Time,No Score,yes,
Second Leg,,20 décembre 2025,18:30,Washington Capitals - Detroit Red Wings,Regular Time,No Score,yes,
Second Leg,,20 décembre 2025,21:00,Ottawa Senators - Chicago Blackhawks,Regular Time,No Score,yes,
Second Leg,,20 décembre 2025,21:00,Minnesota Wild - Edmonton Oilers,Regular Time,No Score,yes,
Second Leg,,20 décembre 2025,23:00,Buffalo Sabres - New York Islanders,Regular Time,No Score,yes,
Second Leg,,21 décembre 2025,00:00,Florida Panthers - St.Louis Blues,Regular Time,No Score,yes,
Second Leg,,21 décembre 2025,01:00,Boston Bruins - Vancouver Canucks,Regular Time,No Score,yes,
Second Leg,,21 décembre 2025,01:00,Tampa Bay Lightning - Carolina Hurricanes,Regular Time,No Score,yes,
Second Leg,,21 décembre 2025,01:00,Nashville Predators - Toronto Maple Leafs,Regular Time,No Score,yes,
Second Leg,,21 décembre 2025,01:00,Montreal Canadiens - Pittsburgh Penguins,Regular Time,No Score,yes,
Second Leg,,21 décembre 2025,04:00,Calgary Flames - Vegas Golden Knights,Regular Time,No Score,yes,
Second Leg,,21 décembre 2025,04:00,Anaheim Ducks - Columbus Blue Jackets,Regular Time,No Score,yes,
Second Leg,,21 décembre 2025,04:00,San Jose Sharks - Seattle Kraken,Regular Time,No Score,yes,
Second Leg,,21 décembre 2025,19:00,Detroit Red Wings - Washington Capitals,Regular Time,No Score,yes,
Second Leg,,22 décembre 2025,00:00,Minnesota Wild - Colorado Avalanche,Regular Time,No Score,yes,
Second Leg,,22 décembre 2025,01:00,New Jersey Devils - Buffalo Sabres,Regular Time,No Score,yes,
Second Leg,,22 décembre 2025,01:00,Pittsburgh Penguins - Montreal Canadiens,Regular Time,No Score,yes,
Second Leg,,22 décembre 2025,01:00,Nashville Predators - New York Rangers,Regular Time,No Score,yes,
Second Leg,,22 décembre 2025,01:00,Dallas Stars - Toronto Maple Leafs,Regular Time,No Score,yes,
Second Leg,,22 décembre 2025,01:00,Boston Bruins - Ottawa Senators,Regular Time,No Score,yes,
Second Leg,,22 décembre 2025,01:00,Utah Mammoth - Winnipeg Jets,Regular Time,No Score,yes,
Second Leg,,22 décembre 2025,02:00,Edmonton Oilers - Vegas Golden Knights,Regular Time,No Score,yes,
Second Leg,,23 décembre 2025,01:00,Tampa Bay Lightning - St.Louis Blues,Regular Time,No Score,yes,
Second Leg,,23 décembre 2025,01:30,Philadelphia Flyers - Vancouver Canucks,Regular Time,No Score,yes,
Second Leg,,23 décembre 2025,04:00,Anaheim Ducks - Seattle Kraken,Regular Time,No Score,yes,
Second Leg,,23 décembre 2025,04:00,Los Angeles Kings - Columbus Blue Jackets,Regular Time,No Score,yes,
Second Leg,,23 décembre 2025,22:00,Toronto Maple Leafs - Pittsburgh Penguins,Regular Time,No Score,yes,
Second Leg,,24 décembre 2025,00:30,Detroit Red Wings - Dallas Stars,Regular Time,No Score,yes,
Second Leg,,24 décembre 2025,01:00,Ottawa Senators - Buffalo Sabres,Regular Time,No Score,yes,
Second Leg,,24 décembre 2025,01:00,Carolina Hurricanes - Florida Panthers,Regular Time,No Score,yes,
Second Leg,,24 décembre 2025,01:00,New York Islanders - New Jersey Devils,Regular Time,No Score,yes,
Second Leg,,24 décembre 2025,01:00,Washington Capitals - New York Rangers,Regular Time,No Score,yes,
Second Leg,,24 décembre 2025,01:00,Boston Bruins - Montreal Canadiens,Regular Time,No Score,yes,
Second Leg,,24 décembre 2025,02:00,Minnesota Wild - Nashville Predators,Regular Time,No Score,yes,
Second Leg,,24 décembre 2025,03:00,Colorado Avalanche - Utah Mammoth,Regular Time,No Score,yes,
Second Leg,,24 décembre 2025,03:00,Edmonton Oilers - Calgary Flames,Regular Time,No Score,yes,
Second Leg,,24 décembre 2025,03:00,Chicago Blackhawks - Philadelphia Flyers,Regular Time,No Score,yes,
Second Leg,,24 décembre 2025,04:00,Los Angeles Kings - Seattle Kraken,Regular Time,No Score,yes,
Second Leg,,24 décembre 2025,04:00,Vegas Golden Knights - San Jose Sharks,Regular Time,No Score,yes,
Second Leg,,28 décembre 2025,00:00,New York Islanders - New York Rangers,Regular Time,No Score,yes,
Second Leg,,28 décembre 2025,01:00,Buffalo Sabres - Boston Bruins,Regular Time,No Score,yes,
Second Leg,,28 décembre 2025,01:00,Toronto Maple Leafs - Ottawa Senators,Regular Time,No Score,yes,
Second Leg,,28 décembre 2025,01:00,Florida Panthers - Tampa Bay Lightning,Regular Time,No Score,yes,
Second Leg,,28 décembre 2025,01:00,Carolina Hurricanes - Detroit Red Wings,Regular Time,No Score,yes,
Second Leg,,28 décembre 2025,01:00,Winnipeg Jets - Minnesota Wild,Regular Time,No Score,yes,
Second Leg,,28 décembre 2025,01:00,New Jersey Devils - Washington Capitals,Regular Time,No Score,yes,
Second Leg,,28 décembre 2025,02:00,St.Louis Blues - Nashville Predators,Regular Time,No Score,yes,
Second Leg,,28 décembre 2025,02:00,Dallas Stars - Chicago Blackhawks,Regular Time,No Score,yes,
Second Leg,,28 décembre 2025,03:00,Los Angeles Kings - Anaheim Ducks,Regular Time,No Score,yes,
Second Leg,,28 décembre 2025,04:00,Vancouver Canucks - San Jose Sharks,Regular Time,No Score,yes,
Second Leg,,28 décembre 2025,04:00,Vegas Golden Knights - Colorado Avalanche,Regular Time,No Score,yes,
Second Leg,,28 décembre 2025,04:00,Calgary Flames - Edmonton Oilers,Regular Time,No Score,yes,
Second Leg,,28 décembre 2025,23:00,Columbus Blue Jackets - New York Islanders,Regular Time,No Score,yes,
Second Leg,,28 décembre 2025,23:00,Tampa Bay Lightning - Montreal Canadiens,Regular Time,No Score,yes,
Second Leg,,29 décembre 2025,01:00,Detroit Red Wings - Toronto Maple Leafs,Regular Time,No Score,yes,
Second Leg,,29 décembre 2025,01:00,Chicago Blackhawks - Pittsburgh Penguins,Regular Time,No Score,yes,
Second Leg,,29 décembre 2025,02:00,Seattle Kraken - Philadelphia Flyers,Regular Time,No Score,yes,
Second Leg,,30 décembre 2025,01:00,Ottawa Senators - Columbus Blue Jackets,Regular Time,No Score,yes,
Second Leg,,30 décembre 2025,01:00,Carolina Hurricanes - New York Rangers,Regular Time,No Score,yes,
Second Leg,,30 décembre 2025,01:00,Florida Panthers - Washington Capitals,Regular Time,No Score,yes,
Second Leg,,30 décembre 2025,01:30,Winnipeg Jets - Edmonton Oilers,Regular Time,No Score,yes,
Second Leg,,30 décembre 2025,02:00,St.Louis Blues - Buffalo Sabres,Regular Time,No Score,yes,
Second Leg,,30 décembre 2025,03:00,Calgary Flames - Boston Bruins,Regular Time,No Score,yes,
Second Leg,,30 décembre 2025,03:00,Colorado Avalanche - Los Angeles Kings,Regular Time,No Score,yes,
Second Leg,,30 décembre 2025,03:00,Utah Mammoth - Nashville Predators,Regular Time,No Score,yes,
Second Leg,,30 décembre 2025,04:00,Seattle Kraken - Vancouver Canucks,Regular Time,No Score,yes,
Second Leg,,30 décembre 2025,04:00,Vegas Golden Knights - Minnesota Wild,Regular Time,No Score,yes,
Second Leg,,30 décembre 2025,04:00,Anaheim Ducks - San Jose Sharks,Regular Time,No Score,yes,
Second Leg,,31 décembre 2025,01:00,Florida Panthers - Montreal Canadiens,Regular Time,No Score,yes,
Second Leg,,31 décembre 2025,01:00,Pittsburgh Penguins - Carolina Hurricanes,Regular Time,No Score,yes,
Second Leg,,31 décembre 2025,01:00,Toronto Maple Leafs - New Jersey Devils,Regular Time,No Score,yes,
Second Leg,,31 décembre 2025,02:30,Chicago Blackhawks - New York Islanders,Regular Time,No Score,yes,
Second Leg,,31 décembre 2025,04:00,Vancouver Canucks - Philadelphia Flyers,Regular Time,No Score,yes,
Second Leg,,31 décembre 2025,18:30,Washington Capitals - New York Rangers,Regular Time,No Score,yes,
Second Leg,,31 décembre 2025,21:00,Vegas Golden Knights - Nashville Predators,Regular Time,No Score,yes,
Second Leg,,31 décembre 2025,22:00,Anaheim Ducks - Tampa Bay Lightning,Regular Time,No Score,yes,
Second Leg,,31 décembre 2025,22:00,San Jose Sharks - Minnesota Wild,Regular Time,No Score,yes,
Second Leg,,1 janvier 2026,00:30,Detroit Red Wings - Winnipeg Jets,Regular Time,No Score,yes,
Second Leg,,1 janvier 2026,01:00,Columbus Blue Jackets - New Jersey Devils,Regular Time,No Score,yes,
Second Leg,,1 janvier 2026,02:00,Dallas Stars - Buffalo Sabres,Regular Time,No Score,yes,
Second Leg,,1 janvier 2026,03:00,Colorado Avalanche - St.Louis Blues,Regular Time,No Score,yes,
Second Leg,,1 janvier 2026,03:30,Calgary Flames - Philadelphia Flyers,Regular Time,No Score,yes,
Second Leg,,1 janvier 2026,03:30,Edmonton Oilers - Boston Bruins,Regular Time,No Score,yes,
Second Leg,,1 janvier 2026,19:00,Ottawa Senators - Washington Capitals,Regular Time,No Score,yes,
Second Leg,,1 janvier 2026,21:00,New York Islanders - Utah Mammoth,Regular Time,No Score,yes,
Second Leg,,2 janvier 2026,01:00,Toronto Maple Leafs - Winnipeg Jets,Regular Time,No Score,yes,
Second Leg,,2 janvier 2026,01:00,Los Angeles Kings - Tampa Bay Lightning,Regular Time,No Score,yes,
Second Leg,,2 janvier 2026,01:00,Pittsburgh Penguins - Detroit Red Wings,Regular Time,No Score,yes,
Second Leg,,2 janvier 2026,01:00,Carolina Hurricanes - Montreal Canadiens,Regular Time,No Score,yes,
Second Leg,,2 janvier 2026,02:30,Chicago Blackhawks - Dallas Stars,Regular Time,No Score,yes,
Second Leg,,2 janvier 2026,04:00,Seattle Kraken - Nashville Predators,Regular Time,No Score,yes,
Second Leg,,2 janvier 2026,21:00,St.Louis Blues - Vegas Golden Knights,Regular Time,No Score,yes,
Second Leg,,3 janvier 2026,02:00,Florida Panthers - New York Rangers,Regular Time,No Score,yes,
Second Leg,,3 janvier 2026,04:30,Vancouver Canucks - Seattle Kraken,Regular Time,No Score,yes,
Second Leg,,3 janvier 2026,04:30,Anaheim Ducks - Minnesota Wild,Regular Time,No Score,yes,
Second Leg,,3 janvier 2026,18:00,Detroit Red Wings - Pittsburgh Penguins,Regular Time,No Score,yes,
Second Leg,,3 janvier 2026,21:00,New Jersey Devils - Utah Mammoth,Regular Time,No Score,yes,
Second Leg,,3 janvier 2026,21:00,Columbus Blue Jackets - Buffalo Sabres,Regular Time,No Score,yes,
Second Leg,,3 janvier 2026,21:30,Edmonton Oilers - Philadelphia Flyers,Regular Time,No Score,yes,
Second Leg,,3 janvier 2026,22:00,St.Louis Blues - Montreal Canadiens,Regular Time,No Score,yes,
Second Leg,,3 janvier 2026,22:00,San Jose Sharks - Tampa Bay Lightning,Regular Time,No Score,yes,
Second Leg,,4 janvier 2026,01:00,Ottawa Senators - Winnipeg Jets,Regular Time,No Score,yes,
Second Leg,,4 janvier 2026,01:00,Washington Capitals - Chicago Blackhawks,Regular Time,No Score,yes,
Second Leg,,4 janvier 2026,01:00,Carolina Hurricanes - Colorado Avalanche,Regular Time,No Score,yes,
Second Leg,,4 janvier 2026,01:00,Calgary Flames - Nashville Predators,Regular Time,No Score,yes,
Second Leg,,4 janvier 2026,01:00,New York Islanders - Toronto Maple Leafs,Regular Time,No Score,yes,
Second Leg,,4 janvier 2026,03:00,Los Angeles Kings - Minnesota Wild,Regular Time,No Score,yes,
Second Leg,,4 janvier 2026,04:00,Vancouver Canucks - Boston Bruins,Regular Time,No Score,yes,
Second Leg,,4 janvier 2026,20:00,Dallas Stars - Montreal Canadiens,Regular Time,No Score,yes,
Second Leg,,4 janvier 2026,21:00,Columbus Blue Jackets - Pittsburgh Penguins,Regular Time,No Score,yes,
Second Leg,,4 janvier 2026,23:00,Florida Panthers - Colorado Avalanche,Regular Time,No Score,yes,
Second Leg,,5 janvier 2026,01:00,New Jersey Devils - Carolina Hurricanes,Regular Time,No Score,yes,
Second Leg,,5 janvier 2026,01:00,Chicago Blackhawks - Vegas Golden Knights,Regular Time,No Score,yes,
Second Leg,,6 janvier 2026,01:00,New York Rangers - Utah Mammoth,Regular Time,No Score,yes,
Second Leg,,6 janvier 2026,01:00,Washington Capitals - Anaheim Ducks,Regular Time,No Score,yes,
Second Leg,,6 janvier 2026,01:30,Ottawa Senators - Detroit Red Wings,Regular Time,No Score,yes,
Second Leg,,6 janvier 2026,03:30,Calgary Flames - Seattle Kraken,Regular Time,No Score,yes,
Second Leg,,6 janvier 2026,04:30,Los Angeles Kings - Minnesota Wild,Regular Time,No Score,yes,
Second Leg,,7 janvier 2026,01:00,Buffalo Sabres - Vancouver Canucks,Regular Time,No Score,yes,
Second Leg,,7 janvier 2026,01:00,Tampa Bay Lightning - Colorado Avalanche,Regular Time,No Score,yes,
Second Leg,,7 janvier 2026,01:00,Philadelphia Flyers - Anaheim Ducks,Regular Time,No Score,yes,
Second Leg,,7 janvier 2026,01:00,Carolina Hurricanes - Dallas Stars,Regular Time,No Score,yes,
Second Leg,,7 janvier 2026,01:30,Toronto Maple Leafs - Florida Panthers,Regular Time,No Score,yes,
Second Leg,,7 janvier 2026,01:30,New York Islanders - New Jersey Devils,Regular Time,No Score,yes,
Second Leg,,7 janvier 2026,02:00,Winnipeg Jets - Vegas Golden Knights,Regular Time,No Score,yes,
Second Leg,,7 janvier 2026,03:00,Edmonton Oilers - Nashville Predators,Regular Time,No Score,yes,
Second Leg,,7 janvier 2026,04:00,San Jose Sharks - Columbus Blue Jackets,Regular Time,No Score,yes,
Second Leg,,7 janvier 2026,04:00,Seattle Kraken - Boston Bruins,Regular Time,No Score,yes,
Second Leg,,8 janvier 2026,01:00,Washington Capitals - Dallas Stars,Regular Time,No Score,yes,
Second Leg,,8 janvier 2026,01:30,Montreal Canadiens - Calgary Flames,Regular Time,No Score,yes,
Second Leg,,8 janvier 2026,03:30,Chicago Blackhawks - St.Louis Blues,Regular Time,No Score,yes,
Second Leg,,8 janvier 2026,03:30,Utah Mammoth - Ottawa Senators,Regular Time,No Score,yes,
Second Leg,,8 janvier 2026,04:30,Los Angeles Kings - San Jose Sharks,Regular Time,No Score,yes,
Second Leg,,9 janvier 2026,01:00,Boston Bruins - Calgary Flames,Regular Time,No Score,yes,
Second Leg,,9 janvier 2026,01:00,Detroit Red Wings - Vancouver Canucks,Regular Time,No Score,yes,
Second Leg,,9 janvier 2026,01:00,Pittsburgh Penguins - New Jersey Devils,Regular Time,No Score,yes,
Second Leg,,9 janvier 2026,01:00,Carolina Hurricanes - Anaheim Ducks,Regular Time,No Score,yes,
Second Leg,,9 janvier 2026,01:00,New York Rangers - Buffalo Sabres,Regular Time,No Score,yes,
Second Leg,,9 janvier 2026,01:00,Philadelphia Flyers - Toronto Maple Leafs,Regular Time,No Score,yes,
Second Leg,,9 janvier 2026,01:00,Montreal Canadiens - Florida Panthers,Regular Time,No Score,yes,
Second Leg,,9 janvier 2026,02:00,Winnipeg Jets - Edmonton Oilers,Regular Time,No Score,yes,
Second Leg,,9 janvier 2026,02:00,Nashville Predators - New York Islanders,Regular Time,No Score,yes,
Second Leg,,9 janvier 2026,03:00,Colorado Avalanche - Ottawa Senators,Regular Time,No Score,yes,
Second Leg,,9 janvier 2026,04:00,Vegas Golden Knights - Columbus Blue Jackets,Regular Time,No Score,yes,
Second Leg,,9 janvier 2026,04:00,Seattle Kraken - Minnesota Wild,Regular Time,No Score,yes,
Second Leg,,10 janvier 2026,02:00,Chicago Blackhawks - Washington Capitals,Regular Time,No Score,yes,
Second Leg,,10 janvier 2026,02:00,Winnipeg Jets - Los Angeles Kings,Regular Time,No Score,yes,
Second Leg,,10 janvier 2026,03:00,Utah Mammoth - St.Louis Blues,Regular Time,No Score,yes,
Second Leg,,10 janvier 2026,19:00,Boston Bruins - New York Rangers,Regular Time,No Score,yes,
Second Leg,,10 janvier 2026,21:30,Pittsburgh Penguins - Calgary Flames,Regular Time,No Score,yes,
Second Leg,,10 janvier 2026,22:00,Colorado Avalanche - Columbus Blue Jackets,Regular Time,No Score,yes,
Second Leg,,10 janvier 2026,22:00,San Jose Sharks - Dallas Stars,Regular Time,No Score,yes,
Second Leg,,11 janvier 2026,01:00,Buffalo Sabres - Anaheim Ducks,Regular Time,No Score,yes,
Second Leg,,11 janvier 2026,01:00,Toronto Maple Leafs - Vancouver Canucks,Regular Time,No Score,yes,
Second Leg,,11 janvier 2026,01:00,Montreal Canadiens - Detroit Red Wings,Regular Time,No Score,yes,
Second Leg,,11 janvier 2026,01:00,Ottawa Senators - Florida Panthers,Regular Time,No Score,yes,
Second Leg,,11 janvier 2026,01:00,Philadelphia Flyers - Tampa Bay Lightning,Regular Time,No Score,yes,
Second Leg,,11 janvier 2026,01:00,Carolina Hurricanes - Seattle Kraken,Regular Time,No Score,yes,
Second Leg,,11 janvier 2026,02:00,Nashville Predators - Chicago Blackhawks,Regular Time,No Score,yes,
Second Leg,,11 janvier 2026,02:00,Minnesota Wild - New York Islanders,Regular Time,No Score,yes,
Second Leg,,11 janvier 2026,04:00,Vegas Golden Knights - St.Louis Blues,Regular Time,No Score,yes,
Second Leg,,11 janvier 2026,04:00,Edmonton Oilers - Los Angeles Kings,Regular Time,No Score,yes,
Second Leg,,11 janvier 2026,20:00,Winnipeg Jets - New Jersey Devils,Regular Time,No Score,yes,
Second Leg,,11 janvier 2026,23:00,Boston Bruins - Pittsburgh Penguins,Regular Time,No Score,yes,
Second Leg,,12 janvier 2026,01:00,Nashville Predators - Washington Capitals,Regular Time,No Score,yes,
Second Leg,,12 janvier 2026,01:00,Utah Mammoth - Columbus Blue Jackets,Regular Time,No Score,yes,
Second Leg,,12 janvier 2026,02:00,San Jose Sharks - Vegas Golden Knights,Regular Time,No Score,yes,
Second Leg,,13 janvier 2026,01:00,Buffalo Sabres - Florida Panthers,Regular Time,No Score,yes,
Second Leg,,13 janvier 2026,01:00,Detroit Red Wings - Carolina Hurricanes,Regular Time,No Score,yes,
Second Leg,,13 janvier 2026,01:00,New York Rangers - Seattle Kraken,Regular Time,No Score,yes,
Second Leg,,13 janvier 2026,01:00,Philadelphia Flyers - Tampa Bay Lightning,Regular Time,No Score,yes,
Second Leg,,13 janvier 2026,01:30,Montreal Canadiens - Vancouver Canucks,Regular Time,No Score,yes,
Second Leg,,13 janvier 2026,02:00,Minnesota Wild - New Jersey Devils,Regular Time,No Score,yes,
Second Leg,,13 janvier 2026,02:30,Chicago Blackhawks - Edmonton Oilers,Regular Time,No Score,yes,
Second Leg,,13 janvier 2026,04:00,Colorado Avalanche - Toronto Maple Leafs,Regular Time,No Score,yes,
Second Leg,,13 janvier 2026,04:00,Los Angeles Kings - Dallas Stars,Regular Time,No Score,yes,
Second Leg,,14 janvier 2026,01:00,Ottawa Senators - Vancouver Canucks,Regular Time,No Score,yes,
Second Leg,,14 janvier 2026,01:00,Pittsburgh Penguins - Tampa Bay Lightning,Regular Time,No Score,yes,
Second Leg,,14 janvier 2026,01:00,Washington Capitals - Montreal Canadiens,Regular Time,No Score,yes,
Second Leg,,14 janvier 2026,01:00,Columbus Blue Jackets - Calgary Flames,Regular Time,No Score,yes,
Second Leg,,14 janvier 2026,01:30,Boston Bruins - Detroit Red Wings,Regular Time,No Score,yes,
Second Leg,,14 janvier 2026,01:30,St.Louis Blues - Carolina Hurricanes,Regular Time,No Score,yes,
Second Leg,,14 janvier 2026,02:00,Nashville Predators - Edmonton Oilers,Regular Time,No Score,yes,
Second Leg,,14 janvier 2026,02:00,Winnipeg Jets - New York Islanders,Regular Time,No Score,yes,
Second Leg,,14 janvier 2026,04:00,Utah Mammoth - Toronto Maple Leafs,Regular Time,No Score,yes,
Second Leg,,14 janvier 2026,04:00,Anaheim Ducks - Dallas Stars,Regular Time,No Score,yes,
Second Leg,,15 janvier 2026,01:00,New Jersey Devils - Seattle Kraken,Regular Time,No Score,yes,
Second Leg,,15 janvier 2026,01:30,Buffalo Sabres - Philadelphia Flyers,Regular Time,No Score,yes,
Second Leg,,15 janvier 2026,01:30,New York Rangers - Ottawa Senators,Regular Time,No Score,yes,
Second Leg,,15 janvier 2026,04:00,Los Angeles Kings - Vegas Golden Knights,Regular Time,No Score,yes,
Second Leg,,16 janvier 2026,01:00,Boston Bruins - Seattle Kraken,Regular Time,No Score,yes,
Second Leg,,16 janvier 2026,01:00,Buffalo Sabres - Montreal Canadiens,Regular Time,No Score,yes,
Second Leg,,16 janvier 2026,01:00,Pittsburgh Penguins - Philadelphia Flyers,Regular Time,No Score,yes,
Second Leg,,16 janvier 2026,01:00,Washington Capitals - San Jose Sharks,Regular Time,No Score,yes,
Second Leg,,16 janvier 2026,01:00,Columbus Blue Jackets - Vancouver Canucks,Regular Time,No Score,yes,
Second Leg,,16 janvier 2026,02:00,Minnesota Wild - Winnipeg Jets,Regular Time,No Score,yes,
Second Leg,,16 janvier 2026,02:30,Chicago Blackhawks - Calgary Flames,Regular Time,No Score,yes,
Second Leg,,16 janvier 2026,03:00,Utah Mammoth - Dallas Stars,Regular Time,No Score,yes,
Second Leg,,16 janvier 2026,03:00,Edmonton Oilers - New York Islanders,Regular Time,No Score,yes,
Second Leg,,16 janvier 2026,03:30,Vegas Golden Knights - Toronto Maple Leafs,Regular Time,No Score,yes,
Second Leg,,17 janvier 2026,01:00,Detroit Red Wings - San Jose Sharks,Regular Time,No Score,yes,
Second Leg,,17 janvier 2026,01:00,Carolina Hurricanes - Florida Panthers,Regular Time,No Score,yes,
Second Leg,,17 janvier 2026,02:00,St.Louis Blues - Tampa Bay Lightning,Regular Time,No Score,yes,
Second Leg,,17 janvier 2026,03:00,Colorado Avalanche - Nashville Predators,Regular Time,No Score,yes,
Second Leg,,17 janvier 2026,04:30,Los Angeles Kings - Anaheim Ducks,Regular Time,No Score,yes,
Second Leg,,17 janvier 2026,18:30,Buffalo Sabres - Minnesota Wild,Regular Time,No Score,yes,
Second Leg,,17 janvier 2026,19:00,Philadelphia Flyers - New York Rangers,Regular Time,No Score,yes,
Second Leg,,17 janvier 2026,21:00,Calgary Flames - New York Islanders,Regular Time,No Score,yes,
Second Leg,,17 janvier 2026,23:00,Utah Mammoth - Seattle Kraken,Regular Time,No Score,yes,
Second Leg,,18 janvier 2026,01:00,Ottawa Senators - Montreal Canadiens,Regular Time,No Score,yes,
Second Leg,,18 janvier 2026,01:00,New Jersey Devils - Carolina Hurricanes,Regular Time,No Score,yes,
Second Leg,,18 janvier 2026,01:00,Pittsburgh Penguins - Columbus Blue Jackets,Regular Time,No Score,yes,
Second Leg,,18 janvier 2026,01:00,Washington Capitals - Florida Panthers,Regular Time,No Score,yes,
Second Leg,,18 janvier 2026,01:00,Winnipeg Jets - Toronto Maple Leafs,Regular Time,No Score,yes,
Second Leg,,18 janvier 2026,02:00,Chicago Blackhawks - Boston Bruins,Regular Time,No Score,yes,
Second Leg,,18 janvier 2026,04:00,Vancouver Canucks - Edmonton Oilers,Regular Time,No Score,yes,
Second Leg,,18 janvier 2026,04:00,Vegas Golden Knights - Nashville Predators,Regular Time,No Score,yes,
Second Leg,,18 janvier 2026,04:00,Anaheim Ducks - Los Angeles Kings,Regular Time,No Score,yes,
Second Leg,,18 janvier 2026,20:00,Dallas Stars - Tampa Bay Lightning,Regular Time,No Score,yes,
Second Leg,,18 janvier 2026,23:00,Detroit Red Wings - Ottawa Senators,Regular Time,No Score,yes,
Second Leg,,19 janvier 2026,02:00,Edmonton Oilers - St.Louis Blues,Regular Time,No Score,yes,
Second Leg,,19 janvier 2026,19:30,Carolina Hurricanes - Buffalo Sabres,Regular Time,No Score,yes,
Second Leg,,19 janvier 2026,22:00,Colorado Avalanche - Washington Capitals,Regular Time,No Score,yes,
Second Leg,,19 janvier 2026,23:00,Seattle Kraken - Pittsburgh Penguins,Regular Time,No Score,yes,
Second Leg,,20 janvier 2026,01:00,Florida Panthers - San Jose Sharks,Regular Time,No Score,yes,
Second Leg,,20 janvier 2026,01:30,Toronto Maple Leafs - Minnesota Wild,Regular Time,No Score,yes,
Second Leg,,20 janvier 2026,02:00,Vegas Golden Knights - Philadelphia Flyers,Regular Time,No Score,yes,
Second Leg,,20 janvier 2026,02:30,Chicago Blackhawks - Winnipeg Jets,Regular Time,No Score,yes,
Second Leg,,20 janvier 2026,03:00,Calgary Flames - New Jersey Devils,Regular Time,No Score,yes,
Second Leg,,20 janvier 2026,04:00,Vancouver Canucks - New York Islanders,Regular Time,No Score,yes,
Second Leg,,20 janvier 2026,04:00,Anaheim Ducks - New York Rangers,Regular Time,No Score,yes,
Second Leg,,21 janvier 2026,01:00,Montreal Canadiens - Minnesota Wild,Regular Time,No Score,yes,
Second Leg,,21 janvier 2026,01:00,Columbus Blue Jackets - Ottawa Senators,Regular Time,No Score,yes,
Second Leg,,21 janvier 2026,01:00,Tampa Bay Lightning - San Jose Sharks,Regular Time,No Score,yes,
Second Leg,,21 janvier 2026,01:30,Dallas Stars - Boston Bruins,Regular Time,No Score,yes,
Second Leg,,21 janvier 2026,02:00,Nashville Predators - Buffalo Sabres,Regular Time,No Score,yes,
Second Leg,,21 janvier 2026,02:00,Winnipeg Jets - St.Louis Blues,Regular Time,No Score,yes,
Second Leg,,21 janvier 2026,04:00,Los Angeles Kings - New York Rangers,Regular Time,No Score,yes,
Second Leg,,21 janvier 2026,04:00,Edmonton Oilers - New Jersey Devils,Regular Time,No Score,yes,
Second Leg,,22 janvier 2026,01:00,Toronto Maple Leafs - Detroit Red Wings,Regular Time,No Score,yes,
Second Leg,,22 janvier 2026,03:00,Colorado Avalanche - Anaheim Ducks,Regular Time,No Score,yes,
Second Leg,,22 janvier 2026,03:00,Utah Mammoth - Philadelphia Flyers,Regular Time,No Score,yes,
Second Leg,,22 janvier 2026,03:30,Calgary Flames - Pittsburgh Penguins,Regular Time,No Score,yes,
Second Leg,,22 janvier 2026,03:30,Seattle Kraken - New York Islanders,Regular Time,No Score,yes,
Second Leg,,22 janvier 2026,04:00,Vancouver Canucks - Washington Capitals,Regular Time,No Score,yes,
Second Leg,,23 janvier 2026,01:00,Boston Bruins - Vegas Golden Knights,Regular Time,No Score,yes,
Second Leg,,23 janvier 2026,01:00,Carolina Hurricanes - Chicago Blackhawks,Regular Time,No Score,yes,
Second Leg,,23 janvier 2026,01:00,Columbus Blue Jackets - Dallas Stars,Regular Time,No Score,yes,
Second Leg,,23 janvier 2026,01:00,Montreal Canadiens - Buffalo Sabres,Regular Time,No Score,yes,
Second Leg,,23 janvier 2026,02:00,Nashville Predators - Ottawa Senators,Regular Time,No Score,yes,
Second Leg,,23 janvier 2026,02:00,Winnipeg Jets - Florida Panthers,Regular Time,No Score,yes,
Second Leg,,23 janvier 2026,03:00,Edmonton Oilers - Pittsburgh Penguins,Regular Time,No Score,yes,
Second Leg,,23 janvier 2026,03:30,Minnesota Wild - Detroit Red Wings,Regular Time,No Score,yes,
Second Leg,,24 janvier 2026,01:00,Toronto Maple Leafs - Vegas Golden Knights,Regular Time,No Score,yes,
Second Leg,,24 janvier 2026,01:00,Chicago Blackhawks - Tampa Bay Lightning,Regular Time,No Score,yes,
Second Leg,,24 janvier 2026,02:00,Dallas Stars - St.Louis Blues,Regular Time,No Score,yes,
Second Leg,,24 janvier 2026,03:00,Colorado Avalanche - Philadelphia Flyers,Regular Time,No Score,yes,
Second Leg,,24 janvier 2026,03:00,Calgary Flames - Washington Capitals,Regular Time,No Score,yes,
Second Leg,,24 janvier 2026,04:00,Vancouver Canucks - New Jersey Devils,Regular Time,No Score,yes,
Second Leg,,24 janvier 2026,04:00,San Jose Sharks - New York Rangers,Regular Time,No Score,yes,
Second Leg,,24 janvier 2026,04:00,Seattle Kraken - Anaheim Ducks,Regular Time,No Score,yes,
Second Leg,,24 janvier 2026,19:00,New York Islanders - Buffalo Sabres,Regular Time,No Score,yes,
Second Leg,,24 janvier 2026,21:30,Nashville Predators - Utah Mammoth,Regular Time,No Score,yes,
Second Leg,,25 janvier 2026,01:00,Boston Bruins - Montreal Canadiens,Regular Time,No Score,yes,
Second Leg,,25 janvier 2026,01:00,Ottawa Senators - Carolina Hurricanes,Regular Time,No Score,yes,
Second Leg,,25 janvier 2026,01:00,Columbus Blue Jackets - Tampa Bay Lightning,Regular Time,No Score,yes,
Second Leg,,25 janvier 2026,01:00,Winnipeg Jets - Detroit Red Wings,Regular Time,No Score,yes,
Second Leg,,25 janvier 2026,02:00,St.Louis Blues - Los Angeles Kings,Regular Time,No Score,yes,
Second Leg,,25 janvier 2026,03:00,Minnesota Wild - Florida Panthers,Regular Time,No Score,yes,
Second Leg,,25 janvier 2026,04:00,Edmonton Oilers - Washington Capitals,Regular Time,No Score,yes,
Second Leg,,25 janvier 2026,19:30,Toronto Maple Leafs - Colorado Avalanche,Regular Time,No Score,yes,
Second Leg,,25 janvier 2026,22:00,Seattle Kraken - New Jersey Devils,Regular Time,No Score,yes,
Second Leg,,25 janvier 2026,23:00,Ottawa Senators - Vegas Golden Knights,Regular Time,No Score,yes,
Second Leg,,26 janvier 2026,00:00,Vancouver Canucks - Pittsburgh Penguins,Regular Time,No Score,yes,
Second Leg,,26 janvier 2026,01:00,Chicago Blackhawks - Florida Panthers,Regular Time,No Score,yes,
Second Leg,,26 janvier 2026,02:00,Calgary Flames - Anaheim Ducks,Regular Time,No Score,yes,
Second Leg,,27 janvier 2026,01:00,Tampa Bay Lightning - Utah Mammoth,Regular Time,No Score,yes,
Second Leg,,27 janvier 2026,01:00,New York Rangers - Boston Bruins,Regular Time,No Score,yes,
Second Leg,,27 janvier 2026,01:00,Philadelphia Flyers - New York Islanders,Regular Time,No Score,yes,
Second Leg,,27 janvier 2026,01:00,Columbus Blue Jackets - Los Angeles Kings,Regular Time,No Score,yes,
Second Leg,,27 janvier 2026,02:30,Edmonton Oilers - Anaheim Ducks,Regular Time,No Score,yes,
Second Leg,,28 janvier 2026,01:00,Boston Bruins - Nashville Predators,Regular Time,No Score,yes,
Second Leg,,28 janvier 2026,01:00,Toronto Maple Leafs - Buffalo Sabres,Regular Time,No Score,yes,
Second Leg,,28 janvier 2026,01:00,Montreal Canadiens - Vegas Golden Knights,Regular Time,No Score,yes,
Second Leg,,28 janvier 2026,01:00,Detroit Red Wings - Los Angeles Kings,Regular Time,No Score,yes,
Second Leg,,28 janvier 2026,01:00,Florida Panthers - Utah Mammoth,Regular Time,No Score,yes,
Second Leg,,28 janvier 2026,01:00,New Jersey Devils - Winnipeg Jets,Regular Time,No Score,yes,
Second Leg,,28 janvier 2026,02:00,St.Louis Blues - Dallas Stars,Regular Time,No Score,yes,
Second Leg,,28 janvier 2026,02:00,Minnesota Wild - Chicago Blackhawks,Regular Time,No Score,yes,
Second Leg,,28 janvier 2026,04:00,Vancouver Canucks - San Jose Sharks,Regular Time,No Score,yes,
Second Leg,,28 janvier 2026,04:00,Seattle Kraken - Washington Capitals,Regular Time,No Score,yes,
Second Leg,,29 janvier 2026,01:00,New York Islanders - New York Rangers,Regular Time,No Score,yes,
Second Leg,,29 janvier 2026,01:30,Columbus Blue Jackets - Philadelphia Flyers,Regular Time,No Score,yes,
Second Leg,,29 janvier 2026,01:30,Ottawa Senators - Colorado Avalanche,Regular Time,No Score,yes,
Second Leg,,30 janvier 2026,01:00,New Jersey Devils - Nashville Predators,Regular Time,No Score,yes,
Second Leg,,30 janvier 2026,01:00,Montreal Canadiens - Colorado Avalanche,Regular Time,No Score,yes,
Second Leg,,30 janvier 2026,01:00,Tampa Bay Lightning - Winnipeg Jets,Regular Time,No Score,yes,
Second Leg,,30 janvier 2026,01:00,Boston Bruins - Philadelphia Flyers,Regular Time,No Score,yes,
Second Leg,,30 janvier 2026,01:00,Buffalo Sabres - Los Angeles Kings,Regular Time,No Score,yes,
Second Leg,,30 janvier 2026,01:00,New York Rangers - New York Islanders,Regular Time,No Score,yes,
Second Leg,,30 janvier 2026,01:00,Pittsburgh Penguins - Chicago Blackhawks,Regular Time,No Score,yes,
Second Leg,,30 janvier 2026,01:00,Carolina Hurricanes - Utah Mammoth,Regular Time,No Score,yes,
Second Leg,,30 janvier 2026,01:30,Detroit Red Wings - Washington Capitals,Regular Time,No Score,yes,
Second Leg,,30 janvier 2026,02:00,St.Louis Blues - Florida Panthers,Regular Time,No Score,yes,
Second Leg,,30 janvier 2026,02:00,Minnesota Wild - Calgary Flames,Regular Time,No Score,yes,
Second Leg,,30 janvier 2026,03:00,Edmonton Oilers - San Jose Sharks,Regular Time,No Score,yes,
Second Leg,,30 janvier 2026,04:00,Vancouver Canucks - Anaheim Ducks,Regular Time,No Score,yes,
Second Leg,,30 janvier 2026,04:00,Vegas Golden Knights - Dallas Stars,Regular Time,No Score,yes,
Second Leg,,30 janvier 2026,04:00,Seattle Kraken - Toronto Maple Leafs,Regular Time,No Score,yes,
Second Leg,,31 janvier 2026,02:30,Chicago Blackhawks - Columbus Blue Jackets,Regular Time,No Score,yes,
Second Leg,,31 janvier 2026,18:30,Philadelphia Flyers - Los Angeles Kings,Regular Time,No Score,yes,
Second Leg,,31 janvier 2026,19:00,Detroit Red Wings - Colorado Avalanche,Regular Time,No Score,yes,
Second Leg,,31 janvier 2026,21:30,Pittsburgh Penguins - New York Rangers,Regular Time,No Score,yes,
Second Leg,,31 janvier 2026,22:00,Florida Panthers - Winnipeg Jets,Regular Time,No Score,yes,
Second Leg,,31 janvier 2026,22:00,Calgary Flames - San Jose Sharks,Regular Time,No Score,yes,
Second Leg,,31 janvier 2026,23:00,Washington Capitals - Carolina Hurricanes,Regular Time,No Score,yes,
Second Leg,,1 février 2026,01:00,Buffalo Sabres - Montreal Canadiens,Regular Time,No Score,yes,
Second Leg,,1 février 2026,01:00,Ottawa Senators - New Jersey Devils,Regular Time,No Score,yes,
Second Leg,,1 février 2026,01:00,New York Islanders - Nashville Predators,Regular Time,No Score,yes,
Second Leg,,1 février 2026,01:00,St.Louis Blues - Columbus Blue Jackets,Regular Time,No Score,yes,
Second Leg,,1 février 2026,01:00,Vancouver Canucks - Toronto Maple Leafs,Regular Time,No Score,yes,
Second Leg,,1 février 2026,03:00,Utah Mammoth - Dallas Stars,Regular Time,No Score,yes,
Second Leg,,1 février 2026,04:00,Edmonton Oilers - Minnesota Wild,Regular Time,No Score,yes,
Second Leg,,1 février 2026,04:00,Vegas Golden Knights - Seattle Kraken,Regular Time,No Score,yes,
Second Leg,,1 février 2026,18:00,Tampa Bay Lightning - Boston Bruins,Regular Time,No Score,yes,
Second Leg,,1 février 2026,21:00,Carolina Hurricanes - Los Angeles Kings,Regular Time,No Score,yes,
Second Leg,,2 février 2026,03:30,Anaheim Ducks - Vegas Golden Knights,Regular Time,No Score,yes,
Second Leg,,3 février 2026,01:00,Pittsburgh Penguins - Ottawa Senators,Regular Time,No Score,yes,
Second Leg,,3 février 2026,01:00,Florida Panthers - Buffalo Sabres,Regular Time,No Score,yes,
Second Leg,,3 février 2026,01:00,Washington Capitals - New York Islanders,Regular Time,No Score,yes,
Second Leg,,3 février 2026,01:30,Minnesota Wild - Montreal Canadiens,Regular Time,No Score,yes,
Second Leg,,3 février 2026,02:00,Nashville Predators - St.Louis Blues,Regular Time,No Score,yes,
Second Leg,,3 février 2026,02:30,Chicago Blackhawks - San Jose Sharks,Regular Time,No Score,yes,
Second Leg,,3 février 2026,02:30,Dallas Stars - Winnipeg Jets,Regular Time,No Score,yes,
Second Leg,,3 février 2026,03:00,Colorado Avalanche - Detroit Red Wings,Regular Time,No Score,yes,
Second Leg,,3 février 2026,03:30,Utah Mammoth - Vancouver Canucks,Regular Time,No Score,yes,
Second Leg,,3 février 2026,04:00,Calgary Flames - Toronto Maple Leafs,Regular Time,No Score,yes,
Second Leg,,4 février 2026,01:00,New Jersey Devils - Columbus Blue Jackets,Regular Time,No Score,yes,
Second Leg,,4 février 2026,01:00,Philadelphia Flyers - Washington Capitals,Regular Time,No Score,yes,
Second Leg,,4 février 2026,01:00,Carolina Hurricanes - Ottawa Senators,Regular Time,No Score,yes,
Second Leg,,4 février 2026,01:30,New York Islanders - Pittsburgh Penguins,Regular Time,No Score,yes,
Second Leg,,4 février 2026,01:30,Tampa Bay Lightning - Buffalo Sabres,Regular Time,No Score,yes,
Second Leg,,4 février 2026,02:30,Edmonton Oilers - Toronto Maple Leafs,Regular Time,No Score,yes,
Second Leg,,4 février 2026,04:00,Anaheim Ducks - Seattle Kraken,Regular Time,No Score,yes,
Second Leg,,5 février 2026,01:00,Florida Panthers - Boston Bruins,Regular Time,No Score,yes,
Second Leg,,5 février 2026,01:00,Columbus Blue Jackets - Chicago Blackhawks,Regular Time,No Score,yes,
Second Leg,,5 février 2026,01:00,Winnipeg Jets - Montreal Canadiens,Regular Time,No Score,yes,
Second Leg,,5 février 2026,02:00,Nashville Predators - Minnesota Wild,Regular Time,No Score,yes,
Second Leg,,5 février 2026,03:00,Colorado Avalanche - San Jose Sharks,Regular Time,No Score,yes,
Second Leg,,5 février 2026,03:00,Utah Mammoth - Detroit Red Wings,Regular Time,No Score,yes,
Second Leg,,5 février 2026,03:30,Dallas Stars - St.Louis Blues,Regular Time,No Score,yes,
Second Leg,,5 février 2026,04:00,Vegas Golden Knights - Vancouver Canucks,Regular Time,No Score,yes,
Second Leg,,5 février 2026,04:00,Calgary Flames - Edmonton Oilers,Regular Time,No Score,yes,
Second Leg,,5 février 2026,04:00,Los Angeles Kings - Seattle Kraken,Regular Time,No Score,yes,
Second Leg,,6 février 2026,01:00,Buffalo Sabres - Pittsburgh Penguins,Regular Time,No Score,yes,
Second Leg,,6 février 2026,01:00,New Jersey Devils - New York Islanders,Regular Time,No Score,yes,
Second Leg,,6 février 2026,01:00,Philadelphia Flyers - Ottawa Senators,Regular Time,No Score,yes,
Second Leg,,6 février 2026,01:00,Washington Capitals - Nashville Predators,Regular Time,No Score,yes,
Second Leg,,6 février 2026,01:00,New York Rangers - Carolina Hurricanes,Regular Time,No Score,yes,
Second Leg,,6 février 2026,01:30,Tampa Bay Lightning - Florida Panthers,Regular Time,No Score,yes,
Second Leg,,6 février 2026,04:00,Vegas Golden Knights - Los Angeles Kings,Regular Time,No Score,yes,
Second Leg,,26 février 2026,01:00,New Jersey Devils - Buffalo Sabres,Regular Time,No Score,yes,
Second Leg,,26 février 2026,01:00,Washington Capitals - Philadelphia Flyers,Regular Time,No Score,yes,
Second Leg,,26 février 2026,01:30,Tampa Bay Lightning - Toronto Maple Leafs,Regular Time,No Score,yes,
Second Leg,,26 février 2026,02:00,Dallas Stars - Seattle Kraken,Regular Time,No Score,yes,
Second Leg,,26 février 2026,03:00,Utah Mammoth - Colorado Avalanche,Regular Time,No Score,yes,
Second Leg,,26 février 2026,04:00,Los Angeles Kings - Vegas Golden Knights,Regular Time,No Score,yes,
Second Leg,,26 février 2026,04:00,Vancouver Canucks - Winnipeg Jets,Regular Time,No Score,yes,
Second Leg,,26 février 2026,04:30,Anaheim Ducks - Edmonton Oilers,Regular Time,No Score,yes,
Second Leg,,27 février 2026,01:00,Montreal Canadiens - New York Islanders,Regular Time,No Score,yes,
Second Leg,,27 février 2026,01:00,Florida Panthers - Toronto Maple Leafs,Regular Time,No Score,yes,
Second Leg,,27 février 2026,01:00,Ottawa Senators - Detroit Red Wings,Regular Time,No Score,yes,
Second Leg,,27 février 2026,01:00,Boston Bruins - Columbus Blue Jackets,Regular Time,No Score,yes,
Second Leg,,27 février 2026,01:00,Pittsburgh Penguins - New Jersey Devils,Regular Time,No Score,yes,
Second Leg,,27 février 2026,01:00,Carolina Hurricanes - Tampa Bay Lightning,Regular Time,No Score,yes,
Second Leg,,27 février 2026,02:00,New York Rangers - Philadelphia Flyers,Regular Time,No Score,yes,
Second Leg,,27 février 2026,02:00,St.Louis Blues - Seattle Kraken,Regular Time,No Score,yes,
Second Leg,,27 février 2026,02:00,Nashville Predators - Chicago Blackhawks,Regular Time,No Score,yes,
Second Leg,,27 février 2026,03:00,Colorado Avalanche - Minnesota Wild,Regular Time,No Score,yes,
Second Leg,,27 février 2026,04:00,San Jose Sharks - Calgary Flames,Regular Time,No Score,yes,
Second Leg,,27 février 2026,04:30,Los Angeles Kings - Edmonton Oilers,Regular Time,No Score,yes,
Second Leg,,28 février 2026,01:00,Florida Panthers - Buffalo Sabres,Regular Time,No Score,yes,
Second Leg,,28 février 2026,01:00,Washington Capitals - Vegas Golden Knights,Regular Time,No Score,yes,
Second Leg,,28 février 2026,03:00,Utah Mammoth - Minnesota Wild,Regular Time,No Score,yes,
Second Leg,,28 février 2026,04:00,Anaheim Ducks - Winnipeg Jets,Regular Time,No Score,yes,
Second Leg,,28 février 2026,18:30,New York Rangers - Pittsburgh Penguins,Regular Time,No Score,yes,
Second Leg,,28 février 2026,21:00,Philadelphia Flyers - Boston Bruins,Regular Time,No Score,yes,
Second Leg,,28 février 2026,22:00,San Jose Sharks - Edmonton Oilers,Regular Time,No Score,yes,
Second Leg,,28 février 2026,23:00,St.Louis Blues - New Jersey Devils,Regular Time,No Score,yes,
Second Leg,,1 mars 2026,00:00,Columbus Blue Jackets - New York Islanders,Regular Time,No Score,yes,
Second Leg,,1 mars 2026,00:00,Colorado Avalanche - Chicago Blackhawks,Regular Time,No Score,yes,
Second Leg,,1 mars 2026,01:00,Tampa Bay Lightning - Buffalo Sabres,Regular Time,No Score,yes,
Second Leg,,1 mars 2026,01:00,Carolina Hurricanes - Detroit Red Wings,Regular Time,No Score,yes,
Second Leg,,1 mars 2026,01:00,Toronto Maple Leafs - Ottawa Senators,Regular Time,No Score,yes,
Second Leg,,1 mars 2026,01:00,Montreal Canadiens - Washington Capitals,Regular Time,No Score,yes,
Second Leg,,1 mars 2026,01:00,Los Angeles Kings - Calgary Flames,Regular Time,No Score,yes,
Second Leg,,1 mars 2026,02:00,Dallas Stars - Nashville Predators,Regular Time,No Score,yes,
Second Leg,,1 mars 2026,04:00,Seattle Kraken - Vancouver Canucks,Regular Time,No Score,yes,
Second Leg,,1 mars 2026,19:00,Pittsburgh Penguins - Vegas Golden Knights,Regular Time,No Score,yes,
Second Leg,,1 mars 2026,22:00,Utah Mammoth - Chicago Blackhawks,Regular Time,No Score,yes,
Second Leg,,1 mars 2026,22:00,San Jose Sharks - Winnipeg Jets,Regular Time,No Score,yes,
Second Leg,,1 mars 2026,23:00,Minnesota Wild - St.Louis Blues,Regular Time,No Score,yes,
Second Leg,,2 mars 2026,00:30,New York Islanders - Florida Panthers,Regular Time,No Score,yes,
Second Leg,,2 mars 2026,02:00,Anaheim Ducks - Calgary Flames,Regular Time,No Score,yes,
Second Leg,,2 mars 2026,20:00,Nashville Predators - Detroit Red Wings,Regular Time,No Score,yes,
Second Leg,,3 mars 2026,01:00,New York Rangers - Columbus Blue Jackets,Regular Time,No Score,yes,
Second Leg,,3 mars 2026,01:30,Toronto Maple Leafs - Philadelphia Flyers,Regular Time,No Score,yes,
Second Leg,,3 mars 2026,04:00,Vancouver Canucks - Dallas Stars,Regular Time,No Score,yes,
Second Leg,,3 mars 2026,04:00,Seattle Kraken - Carolina Hurricanes,Regular Time,No Score,yes,
Second Leg,,3 mars 2026,04:30,Los Angeles Kings - Colorado Avalanche,Regular Time,No Score,yes,
Second Leg,,4 mars 2026,01:00,New Jersey Devils - Florida Panthers,Regular Time,No Score,yes,
Second Leg,,4 mars 2026,01:00,Washington Capitals - Utah Mammoth,Regular Time,No Score,yes,
Second Leg,,4 mars 2026,01:00,Columbus Blue Jackets - Nashville Predators,Regular Time,No Score,yes,
Second Leg,,4 mars 2026,01:00,Buffalo Sabres - Vegas Golden Knights,Regular Time,No Score,yes,
Second Leg,,4 mars 2026,01:00,Boston Bruins - Pittsburgh Penguins,Regular Time,No Score,yes,
Second Leg,,4 mars 2026,02:00,Winnipeg Jets - Chicago Blackhawks,Regular Time,No Score,yes,
Second Leg,,4 mars 2026,03:00,Calgary Flames - Dallas Stars,Regular Time,No Score,yes,
Second Leg,,4 mars 2026,03:00,Edmonton Oilers - Ottawa Senators,Regular Time,No Score,yes,
Second Leg,,4 mars 2026,03:30,Minnesota Wild - Tampa Bay Lightning,Regular Time,No Score,yes,
Second Leg,,4 mars 2026,04:00,Anaheim Ducks - Colorado Avalanche,Regular Time,No Score,yes,
Second Leg,,4 mars 2026,04:00,San Jose Sharks - Montreal Canadiens,Regular Time,No Score,yes,
Second Leg,,5 mars 2026,01:00,New Jersey Devils - Toronto Maple Leafs,Regular Time,No Score,yes,
Second Leg,,5 mars 2026,01:00,Detroit Red Wings - Vegas Golden Knights,Regular Time,No Score,yes,
Second Leg,,5 mars 2026,04:00,Vancouver Canucks - Carolina Hurricanes,Regular Time,No Score,yes,
Second Leg,,5 mars 2026,04:00,Anaheim Ducks - New York Islanders,Regular Time,No Score,yes,
Second Leg,,5 mars 2026,04:00,Seattle Kraken - St.Louis Blues,Regular Time,No Score,yes,
Second Leg,,6 mars 2026,01:00,New York Rangers - Toronto Maple Leafs,Regular Time,No Score,yes,
Second Leg,,6 mars 2026,01:00,Philadelphia Flyers - Utah Mammoth,Regular Time,No Score,yes,
Second Leg,,6 mars 2026,01:00,Pittsburgh Penguins - Buffalo Sabres,Regular Time,No Score,yes,
Second Leg,,6 mars 2026,01:00,Columbus Blue Jackets - Florida Panthers,Regular Time,No Score,yes,
Second Leg,,6 mars 2026,02:00,Winnipeg Jets - Tampa Bay Lightning,Regular Time,No Score,yes,
Second Leg,,6 mars 2026,02:00,Nashville Predators - Boston Bruins,Regular Time,No Score,yes,
Second Leg,,6 mars 2026,03:00,Calgary Flames - Ottawa Senators,Regular Time,No Score,yes,
Second Leg,,6 mars 2026,03:30,Los Angeles Kings - New York Islanders,Regular Time,No Score,yes,
Second Leg,,7 mars 2026,01:00,Detroit Red Wings - Florida Panthers,Regular Time,No Score,yes,
Second Leg,,7 mars 2026,02:00,Dallas Stars - Colorado Avalanche,Regular Time,No Score,yes,
Second Leg,,7 mars 2026,02:30,Chicago Blackhawks - Vancouver Canucks,Regular Time,No Score,yes,
Second Leg,,7 mars 2026,03:00,Edmonton Oilers - Carolina Hurricanes,Regular Time,No Score,yes,
Second Leg,,7 mars 2026,03:00,Anaheim Ducks - Montreal Canadiens,Regular Time,No Score,yes,
Second Leg,,7 mars 2026,04:00,Vegas Golden Knights - Minnesota Wild,Regular Time,No Score,yes,
Second Leg,,7 mars 2026,04:00,San Jose Sharks - St.Louis Blues,Regular Time,No Score,yes,
Second Leg,,7 mars 2026,18:30,Boston Bruins - Washington Capitals,Regular Time,No Score,yes,
Second Leg,,7 mars 2026,21:00,New Jersey Devils - New York Rangers,Regular Time,No Score,yes,
Second Leg,,7 mars 2026,23:30,Buffalo Sabres - Nashville Predators,Regular Time,No Score,yes,
Second Leg,,7 mars 2026,23:30,Pittsburgh Penguins - Philadelphia Flyers,Regular Time,No Score,yes,
Second Leg,,8 mars 2026,01:00,Winnipeg Jets - Vancouver Canucks,Regular Time,No Score,yes,
Second Leg,,8 mars 2026,01:00,Los Angeles Kings - Montreal Canadiens,Regular Time,No Score,yes,
Second Leg,,8 mars 2026,01:00,Columbus Blue Jackets - Utah Mammoth,Regular Time,No Score,yes,
Second Leg,,8 mars 2026,01:00,Toronto Maple Leafs - Tampa Bay Lightning,Regular Time,No Score,yes,
Second Leg,,8 mars 2026,04:00,Calgary Flames - Carolina Hurricanes,Regular Time,No Score,yes,
Second Leg,,8 mars 2026,04:00,Seattle Kraken - Ottawa Senators,Regular Time,No Score,yes,
Second Leg,,8 mars 2026,04:00,San Jose Sharks - New York Islanders,Regular Time,No Score,yes,
Second Leg,,8 mars 2026,19:00,Colorado Avalanche - Minnesota Wild,Regular Time,No Score,yes,
Second Leg,,8 mars 2026,21:30,Pittsburgh Penguins - Boston Bruins,Regular Time,No Score,yes,
Second Leg,,8 mars 2026,23:00,Buffalo Sabres - Tampa Bay Lightning,Regular Time,No Score,yes,
Second Leg,,8 mars 2026,23:00,Dallas Stars - Chicago Blackhawks,Regular Time,No Score,yes,
Second Leg,,9 mars 2026,00:00,New Jersey Devils - Detroit Red Wings,Regular Time,No Score,yes,
Second Leg,,9 mars 2026,02:00,Anaheim Ducks - St.Louis Blues,Regular Time,No Score,yes,
Second Leg,,9 mars 2026,02:30,Vegas Golden Knights - Edmonton Oilers,Regular Time,No Score,yes,
Second Leg,,10 mars 2026,00:00,Philadelphia Flyers - New York Rangers,Regular Time,No Score,yes,
Second Leg,,10 mars 2026,00:00,Washington Capitals - Calgary Flames,Regular Time,No Score,yes,
Second Leg,,10 mars 2026,01:30,Chicago Blackhawks - Utah Mammoth,Regular Time,No Score,yes,
Second Leg,,10 mars 2026,02:00,Vancouver Canucks - Ottawa Senators,Regular Time,No Score,yes,
Second Leg,,11 mars 2026,00:00,Buffalo Sabres - San Jose Sharks,Regular Time,No Score,yes,
Second Leg,,11 mars 2026,00:00,Montreal Canadiens - Toronto Maple Leafs,Regular Time,No Score,yes,
Second Leg,,11 mars 2026,00:00,Tampa Bay Lightning - Columbus Blue Jackets,Regular Time,No Score,yes,
Second Leg,,11 mars 2026,00:00,Florida Panthers - Detroit Red Wings,Regular Time,No Score,yes,
Second Leg,,11 mars 2026,00:00,Boston Bruins - Los Angeles Kings,Regular Time,No Score,yes,
Second Leg,,11 mars 2026,00:00,New York Rangers - Calgary Flames,Regular Time,No Score,yes,
Second Leg,,11 mars 2026,00:00,Carolina Hurricanes - Pittsburgh Penguins,Regular Time,No Score,yes,
Second Leg,,11 mars 2026,00:30,St.Louis Blues - New York Islanders,Regular Time,No Score,yes,
Second Leg,,11 mars 2026,01:00,Dallas Stars - Vegas Golden Knights,Regular Time,No Score,yes,
Second Leg,,11 mars 2026,01:00,Minnesota Wild - Utah Mammoth,Regular Time,No Score,yes,
Second Leg,,11 mars 2026,01:30,Winnipeg Jets - Anaheim Ducks,Regular Time,No Score,yes,
Second Leg,,11 mars 2026,03:00,Colorado Avalanche - Edmonton Oilers,Regular Time,No Score,yes,
Second Leg,,11 mars 2026,03:00,Seattle Kraken - Nashville Predators,Regular Time,No Score,yes,
Second Leg,,12 mars 2026,00:30,Ottawa Senators - Montreal Canadiens,Regular Time,No Score,yes,
Second Leg,,12 mars 2026,00:30,Philadelphia Flyers - Washington Capitals,Regular Time,No Score,yes,
Second Leg,,13 mars 2026,00:00,Boston Bruins - San Jose Sharks,Regular Time,No Score,yes,
Second Leg,,13 mars 2026,00:00,Buffalo Sabres - Washington Capitals,Regular Time,No Score,yes,
Second Leg,,13 mars 2026,00:00,Toronto Maple Leafs - Anaheim Ducks,Regular Time,No Score,yes,
Second Leg,,13 mars 2026,00:00,Tampa Bay Lightning - Detroit Red Wings,Regular Time,No Score,yes,
Second Leg,,13 mars 2026,00:00,Florida Panthers - Columbus Blue Jackets,Regular Time,No Score,yes,
Second Leg,,13 mars 2026,00:00,New Jersey Devils - Calgary Flames,Regular Time,No Score,yes,
Second Leg,,13 mars 2026,00:00,Carolina Hurricanes - St.Louis Blues,Regular Time,No Score,yes,
Second Leg,,13 mars 2026,01:00,Dallas Stars - Edmonton Oilers,Regular Time,No Score,yes,
Second Leg,,13 mars 2026,01:00,Minnesota Wild - Philadelphia Flyers,Regular Time,No Score,yes,
Second Leg,,13 mars 2026,01:00,Winnipeg Jets - New York Rangers,Regular Time,No Score,yes,
Second Leg,,13 mars 2026,02:00,Utah Mammoth - Chicago Blackhawks,Regular Time,No Score,yes,
Second Leg,,13 mars 2026,03:00,Vancouver Canucks - Nashville Predators,Regular Time,No Score,yes,
Second Leg,,13 mars 2026,03:00,Vegas Golden Knights - Pittsburgh Penguins,Regular Time,No Score,yes,
Second Leg,,13 mars 2026,03:00,Seattle Kraken - Colorado Avalanche,Regular Time,No Score,yes,
Second Leg,,14 mars 2026,00:00,New York Islanders - Los Angeles Kings,Regular Time,No Score,yes,
Second Leg,,14 mars 2026,01:00,St.Louis Blues - Edmonton Oilers,Regular Time,No Score,yes,
Second Leg,,14 mars 2026,18:00,Ottawa Senators - Anaheim Ducks,Regular Time,No Score,yes,
Second Leg,,14 mars 2026,20:00,Washington Capitals - Boston Bruins,Regular Time,No Score,yes,
Second Leg,,14 mars 2026,21:00,Winnipeg Jets - Colorado Avalanche,Regular Time,No Score,yes,
Second Leg,,14 mars 2026,23:00,Minnesota Wild - New York Rangers,Regular Time,No Score,yes,
Second Leg,,15 mars 2026,00:00,Buffalo Sabres - Toronto Maple Leafs,Regular Time,No Score,yes,
Second Leg,,15 mars 2026,00:00,Montreal Canadiens - San Jose Sharks,Regular Time,No Score,yes,
Second Leg,,15 mars 2026,00:00,Tampa Bay Lightning - Carolina Hurricanes,Regular Time,No Score,yes,
Second Leg,,15 mars 2026,00:00,New Jersey Devils - Los Angeles Kings,Regular Time,No Score,yes,
Second Leg,,15 mars 2026,00:00,New York Islanders - Calgary Flames,Regular Time,No Score,yes,
Second Leg,,15 mars 2026,00:30,Philadelphia Flyers - Columbus Blue Jackets,Regular Time,No Score,yes,
Second Leg,,15 mars 2026,01:00,Dallas Stars - Detroit Red Wings,Regular Time,No Score,yes,
Second Leg,,15 mars 2026,02:00,Utah Mammoth - Pittsburgh Penguins,Regular Time,No Score,yes,
Second Leg,,15 mars 2026,03:00,Vancouver Canucks - Seattle Kraken,Regular Time,No Score,yes,
Second Leg,,15 mars 2026,03:00,Vegas Golden Knights - Chicago Blackhawks,Regular Time,No Score,yes,
Second Leg,,15 mars 2026,20:00,Winnipeg Jets - St.Louis Blues,Regular Time,No Score,yes,
Second Leg,,15 mars 2026,22:00,Ottawa Senators - San Jose Sharks,Regular Time,No Score,yes,
Second Leg,,16 mars 2026,00:00,Montreal Canadiens - Anaheim Ducks,Regular Time,No Score,yes,
Second Leg,,16 mars 2026,00:30,Minnesota Wild - Toronto Maple Leafs,Regular Time,No Score,yes,
Second Leg,,16 mars 2026,01:00,Edmonton Oilers - Nashville Predators,Regular Time,No Score,yes,
Second Leg,,16 mars 2026,01:00,Seattle Kraken - Florida Panthers,Regular Time,No Score,yes,
Second Leg,,17 mars 2026,00:00,Detroit Red Wings - Calgary Flames,Regular Time,No Score,yes,
Second Leg,,17 mars 2026,00:00,New Jersey Devils - Boston Bruins,Regular Time,No Score,yes,
Second Leg,,17 mars 2026,00:00,New York Rangers - Los Angeles Kings,Regular Time,No Score,yes,
Second Leg,,17 mars 2026,01:00,Dallas Stars - Utah Mammoth,Regular Time,No Score,yes,
Second Leg,,17 mars 2026,02:30,Colorado Avalanche - Pittsburgh Penguins,Regular Time,No Score,yes,
Second Leg,,18 mars 2026,00:00,Toronto Maple Leafs - New York Islanders,Regular Time,No Score,yes,
Second Leg,,18 mars 2026,00:00,Montreal Canadiens - Boston Bruins,Regular Time,No Score,yes,
Second Leg,,18 mars 2026,00:00,Columbus Blue Jackets - Carolina Hurricanes,Regular Time,No Score,yes,
Second Leg,,18 mars 2026,00:30,Chicago Blackhawks - Minnesota Wild,Regular Time,No Score,yes,
Second Leg,,18 mars 2026,01:00,Winnipeg Jets - Nashville Predators,Regular Time,No Score,yes,
Second Leg,,18 mars 2026,02:00,Edmonton Oilers - San Jose Sharks,Regular Time,No Score,yes,
Second Leg,,18 mars 2026,03:00,Vancouver Canucks - Florida Panthers,Regular Time,No Score,yes,
Second Leg,,18 mars 2026,03:00,Vegas Golden Knights - Buffalo Sabres,Regular Time,No Score,yes,
Second Leg,,18 mars 2026,03:00,Seattle Kraken - Tampa Bay Lightning,Regular Time,No Score,yes,
Second Leg,,19 mars 2026,00:00,New York Rangers - New Jersey Devils,Regular Time,No Score,yes,
Second Leg,,19 mars 2026,00:00,Carolina Hurricanes - Pittsburgh Penguins,Regular Time,No Score,yes,
Second Leg,,19 mars 2026,00:30,Washington Capitals - Ottawa Senators,Regular Time,No Score,yes,
Second Leg,,19 mars 2026,02:30,Colorado Avalanche - Dallas Stars,Regular Time,No Score,yes,
Second Leg,,19 mars 2026,02:30,Calgary Flames - St.Louis Blues,Regular Time,No Score,yes,
Second Leg,,19 mars 2026,03:00,Anaheim Ducks - Philadelphia Flyers,Regular Time,No Score,yes,
Second Leg,,20 mars 2026,00:00,Boston Bruins - Winnipeg Jets,Regular Time,No Score,yes,
Second Leg,,20 mars 2026,00:00,Ottawa Senators - New York Islanders,Regular Time,No Score,yes,
Second Leg,,20 mars 2026,00:00,Detroit Red Wings - Montreal Canadiens,Regular Time,No Score,yes,
Second Leg,,20 mars 2026,00:00,Columbus Blue Jackets - New York Rangers,Regular Time,No Score,yes,
Second Leg,,20 mars 2026,00:30,Minnesota Wild - Chicago Blackhawks,Regular Time,No Score,yes,
Second Leg,,20 mars 2026,01:00,Nashville Predators - Seattle Kraken,Regular Time,No Score,yes,
Second Leg,,20 mars 2026,02:00,Edmonton Oilers - Florida Panthers,Regular Time,No Score,yes,
Second Leg,,20 mars 2026,03:00,Vancouver Canucks - Tampa Bay Lightning,Regular Time,No Score,yes,
Second Leg,,20 mars 2026,03:00,Vegas Golden Knights - Utah Mammoth,Regular Time,No Score,yes,
Second Leg,,20 mars 2026,03:00,San Jose Sharks - Buffalo Sabres,Regular Time,No Score,yes,
Second Leg,,20 mars 2026,03:30,Los Angeles Kings - Philadelphia Flyers,Regular Time,No Score,yes,
Second Leg,,21 mars 2026,00:00,Toronto Maple Leafs - Carolina Hurricanes,Regular Time,No Score,yes,
Second Leg,,21 mars 2026,00:00,Washington Capitals - New Jersey Devils,Regular Time,No Score,yes,
Second Leg,,21 mars 2026,01:30,Chicago Blackhawks - Colorado Avalanche,Regular Time,No Score,yes,
Second Leg,,21 mars 2026,02:00,Calgary Flames - Florida Panthers,Regular Time,No Score,yes,
Second Leg,,21 mars 2026,03:00,Utah Mammoth - Anaheim Ducks,Regular Time,No Score,yes,
Second Leg,,21 mars 2026,18:00,Pittsburgh Penguins - Winnipeg Jets,Regular Time,No Score,yes,
Second Leg,,21 mars 2026,19:00,Nashville Predators - Vegas Golden Knights,Regular Time,No Score,yes,
Second Leg,,21 mars 2026,21:00,Minnesota Wild - Dallas Stars,Regular Time,No Score,yes,
Second Leg,,21 mars 2026,21:00,Los Angeles Kings - Buffalo Sabres,Regular Time,No Score,yes,
Second Leg,,21 mars 2026,21:00,San Jose Sharks - Philadelphia Flyers,Regular Time,No Score,yes,
Second Leg,,21 mars 2026,22:00,Columbus Blue Jackets - Seattle Kraken,Regular Time,No Score,yes,
Second Leg,,22 mars 2026,00:00,Montreal Canadiens - New York Islanders,Regular Time,No Score,yes,
Second Leg,,22 mars 2026,00:00,Ottawa Senators - Toronto Maple Leafs,Regular Time,No Score,yes,
Second Leg,,22 mars 2026,00:00,Vancouver Canucks - St.Louis Blues,Regular Time,No Score,yes,
Second Leg,,22 mars 2026,01:00,Detroit Red Wings - Boston Bruins,Regular Time,No Score,yes,
Second Leg,,22 mars 2026,03:00,Edmonton Oilers - Tampa Bay Lightning,Regular Time,No Score,yes,
Second Leg,,22 mars 2026,17:00,New York Rangers - Winnipeg Jets,Regular Time,No Score,yes,
Second Leg,,22 mars 2026,17:30,Washington Capitals - Colorado Avalanche,Regular Time,No Score,yes,
Second Leg,,22 mars 2026,20:00,Pittsburgh Penguins - Carolina Hurricanes,Regular Time,No Score,yes,
Second Leg,,22 mars 2026,20:00,Chicago Blackhawks - Nashville Predators,Regular Time,No Score,yes,
Second Leg,,23 mars 2026,00:00,New York Islanders - Columbus Blue Jackets,Regular Time,No Score,yes,
Second Leg,,23 mars 2026,00:00,Dallas Stars - Vegas Golden Knights,Regular Time,No Score,yes,
Second Leg,,23 mars 2026,01:00,Calgary Flames - Tampa Bay Lightning,Regular Time,No Score,yes,
Second Leg,,23 mars 2026,01:00,Anaheim Ducks - Buffalo Sabres,Regular Time,No Score,yes,
Second Leg,,23 mars 2026,02:00,Utah Mammoth - Los Angeles Kings,Regular Time,No Score,yes,
Second Leg,,24 mars 2026,00:30,New York Rangers - Ottawa Senators,Regular Time,No Score,yes,
Second Leg,,25 mars 2026,00:00,Montreal Canadiens - Carolina Hurricanes,Regular Time,No Score,yes,
Second Leg,,25 mars 2026,00:00,Detroit Red Wings - Ottawa Senators,Regular Time,No Score,yes,
Second Leg,,25 mars 2026,00:00,New York Islanders - Chicago Blackhawks,Regular Time,No Score,yes,
Second Leg,,25 mars 2026,00:00,Philadelphia Flyers - Columbus Blue Jackets,Regular Time,No Score,yes,
Second Leg,,25 mars 2026,00:00,Pittsburgh Penguins - Colorado Avalanche,Regular Time,No Score,yes,
Second Leg,,25 mars 2026,00:00,Florida Panthers - Seattle Kraken,Regular Time,No Score,yes,
Second Leg,,25 mars 2026,00:00,Boston Bruins - Toronto Maple Leafs,Regular Time,No Score,yes,
Second Leg,,25 mars 2026,00:30,Tampa Bay Lightning - Minnesota Wild,Regular Time,No Score,yes,
Second Leg,,25 mars 2026,01:00,St.Louis Blues - Washington Capitals,Regular Time,No Score,yes,
Second Leg,,25 mars 2026,01:00,Nashville Predators - San Jose Sharks,Regular Time,No Score,yes,
Second Leg,,25 mars 2026,01:00,Dallas Stars - New Jersey Devils,Regular Time,No Score,yes,
Second Leg,,25 mars 2026,01:00,Winnipeg Jets - Vegas Golden Knights,Regular Time,No Score,yes,
Second Leg,,25 mars 2026,02:00,Calgary Flames - Los Angeles Kings,Regular Time,No Score,yes,
Second Leg,,25 mars 2026,02:30,Utah Mammoth - Edmonton Oilers,Regular Time,No Score,yes,
Second Leg,,25 mars 2026,03:00,Vancouver Canucks - Anaheim Ducks,Regular Time,No Score,yes,
Second Leg,,26 mars 2026,00:00,Buffalo Sabres - Boston Bruins,Regular Time,No Score,yes,
Second Leg,,26 mars 2026,00:30,Toronto Maple Leafs - New York Rangers,Regular Time,No Score,yes,
Second Leg,,27 mars 2026,00:00,Montreal Canadiens - Columbus Blue Jackets,Regular Time,No Score,yes,
Second Leg,,27 mars 2026,00:00,Ottawa Senators - Pittsburgh Penguins,Regular Time,No Score,yes,
Second Leg,,27 mars 2026,00:00,Tampa Bay Lightning - Seattle Kraken,Regular Time,No Score,yes,
Second Leg,,27 mars 2026,00:00,Florida Panthers - Minnesota Wild,Regular Time,No Score,yes,
Second Leg,,27 mars 2026,00:00,New York Islanders - Dallas Stars,Regular Time,No Score,yes,
Second Leg,,27 mars 2026,00:00,Philadelphia Flyers - Chicago Blackhawks,Regular Time,No Score,yes,
Second Leg,,27 mars 2026,01:00,St.Louis Blues - San Jose Sharks,Regular Time,No Score,yes,
Second Leg,,27 mars 2026,01:00,Nashville Predators - New Jersey Devils,Regular Time,No Score,yes,
Second Leg,,27 mars 2026,01:00,Winnipeg Jets - Colorado Avalanche,Regular Time,No Score,yes,
Second Leg,,27 mars 2026,02:00,Utah Mammoth - Washington Capitals,Regular Time,No Score,yes,
Second Leg,,27 mars 2026,02:00,Calgary Flames - Anaheim Ducks,Regular Time,No Score,yes,
Second Leg,,27 mars 2026,02:30,Vegas Golden Knights - Edmonton Oilers,Regular Time,No Score,yes,
Second Leg,,27 mars 2026,03:00,Vancouver Canucks - Los Angeles Kings,Regular Time,No Score,yes,
Second Leg,,28 mars 2026,00:00,Buffalo Sabres - Detroit Red Wings,Regular Time,No Score,yes,
Second Leg,,28 mars 2026,00:00,New York Rangers - Chicago Blackhawks,Regular Time,No Score,yes,
Second Leg,,28 mars 2026,18:00,Tampa Bay Lightning - Ottawa Senators,Regular Time,No Score,yes,
Second Leg,,28 mars 2026,18:00,New York Islanders - Florida Panthers,Regular Time,No Score,yes,
Second Leg,,28 mars 2026,20:30,Edmonton Oilers - Anaheim Ducks,Regular Time,No Score,yes,
Second Leg,,28 mars 2026,22:00,Carolina Hurricanes - New Jersey Devils,Regular Time,No Score,yes,
Second Leg,,28 mars 2026,22:00,Boston Bruins - Minnesota Wild,Regular Time,No Score,yes,
Second Leg,,28 mars 2026,22:00,Pittsburgh Penguins - Dallas Stars,Regular Time,No Score,yes,
Second Leg,,28 mars 2026,22:00,Columbus Blue Jackets - San Jose Sharks,Regular Time,No Score,yes,
Second Leg,,28 mars 2026,22:30,Buffalo Sabres - Seattle Kraken,Regular Time,No Score,yes,
Second Leg,,29 mars 2026,00:00,Nashville Predators - Montreal Canadiens,Regular Time,No Score,yes,
Second Leg,,29 mars 2026,00:00,St.Louis Blues - Toronto Maple Leafs,Regular Time,No Score,yes,
Second Leg,,29 mars 2026,00:00,Colorado Avalanche - Winnipeg Jets,Regular Time,No Score,yes,
Second Leg,,29 mars 2026,01:00,Detroit Red Wings - Philadelphia Flyers,Regular Time,No Score,yes,
Second Leg,,29 mars 2026,03:00,Los Angeles Kings - Utah Mammoth,Regular Time,No Score,yes,
Second Leg,,29 mars 2026,04:00,Calgary Flames - Vancouver Canucks,Regular Time,No Score,yes,
Second Leg,,29 mars 2026,04:30,Vegas Golden Knights - Washington Capitals,Regular Time,No Score,yes,
Second Leg,,29 mars 2026,19:00,New York Rangers - Florida Panthers,Regular Time,No Score,yes,
Second Leg,,29 mars 2026,23:00,Carolina Hurricanes - Montreal Canadiens,Regular Time,No Score,yes,
Second Leg,,29 mars 2026,23:00,Columbus Blue Jackets - Boston Bruins,Regular Time,No Score,yes,
Second Leg,,29 mars 2026,23:00,Tampa Bay Lightning - Nashville Predators,Regular Time,No Score,yes,
Second Leg,,30 mars 2026,01:00,New Jersey Devils - Chicago Blackhawks,Regular Time,No Score,yes,
Second Leg,,30 mars 2026,01:00,Philadelphia Flyers - Dallas Stars,Regular Time,No Score,yes,
Second Leg,,31 mars 2026,01:00,New York Islanders - Pittsburgh Penguins,Regular Time,No Score,yes,
Second Leg,,31 mars 2026,02:30,Colorado Avalanche - Calgary Flames,Regular Time,No Score,yes,
Second Leg,,31 mars 2026,04:00,Vegas Golden Knights - Vancouver Canucks,Regular Time,No Score,yes,
Second Leg,,31 mars 2026,04:00,Anaheim Ducks - Toronto Maple Leafs,Regular Time,No Score,yes,
Second Leg,,31 mars 2026,04:00,San Jose Sharks - St.Louis Blues,Regular Time,No Score,yes,
Second Leg,,1 avril 2026,01:00,New York Rangers - New Jersey Devils,Regular Time,No Score,yes,
Second Leg,,1 avril 2026,01:00,Buffalo Sabres - New York Islanders,Regular Time,No Score,yes,
Second Leg,,1 avril 2026,01:00,Tampa Bay Lightning - Montreal Canadiens,Regular Time,No Score,yes,
Second Leg,,1 avril 2026,01:00,Florida Panthers - Ottawa Senators,Regular Time,No Score,yes,
Second Leg,,1 avril 2026,01:00,Pittsburgh Penguins - Detroit Red Wings,Regular Time,No Score,yes,
Second Leg,,1 avril 2026,01:00,Boston Bruins - Dallas Stars,Regular Time,No Score,yes,
Second Leg,,1 avril 2026,01:00,Washington Capitals - Philadelphia Flyers,Regular Time,No Score,yes,
Second Leg,,1 avril 2026,01:30,Columbus Blue Jackets - Carolina Hurricanes,Regular Time,No Score,yes,
Second Leg,,1 avril 2026,02:30,Chicago Blackhawks - Winnipeg Jets,Regular Time,No Score,yes,
Second Leg,,1 avril 2026,03:00,Edmonton Oilers - Seattle Kraken,Regular Time,No Score,yes,
Second Leg,,2 avril 2026,02:30,Colorado Avalanche - Vancouver Canucks,Regular Time,No Score,yes,
Second Leg,,2 avril 2026,03:00,Los Angeles Kings - St.Louis Blues,Regular Time,No Score,yes,
Second Leg,,2 avril 2026,04:00,San Jose Sharks - Anaheim Ducks,Regular Time,No Score,yes,
Second Leg,,3 avril 2026,01:00,Ottawa Senators - Buffalo Sabres,Regular Time,No Score,yes,
Second Leg,,3 avril 2026,01:00,Tampa Bay Lightning - Pittsburgh Penguins,Regular Time,No Score,yes,
Second Leg,,3 avril 2026,01:00,Florida Panthers - Boston Bruins,Regular Time,No Score,yes,
Second Leg,,3 avril 2026,01:00,New York Rangers - Montreal Canadiens,Regular Time,No Score,yes,
Second Leg,,3 avril 2026,01:00,Philadelphia Flyers - Detroit Red Wings,Regular Time,No Score,yes,
Second Leg,,3 avril 2026,01:00,Carolina Hurricanes - Columbus Blue Jackets,Regular Time,No Score,yes,
Second Leg,,3 avril 2026,01:30,New Jersey Devils - Washington Capitals,Regular Time,No Score,yes,
Second Leg,,3 avril 2026,02:00,Dallas Stars - Winnipeg Jets,Regular Time,No Score,yes,
Second Leg,,3 avril 2026,02:00,Minnesota Wild - Vancouver Canucks,Regular Time,No Score,yes,
Second Leg,,3 avril 2026,03:00,Edmonton Oilers - Chicago Blackhawks,Regular Time,No Score,yes,
Second Leg,,3 avril 2026,04:00,Vegas Golden Knights - Calgary Flames,Regular Time,No Score,yes,
Second Leg,,3 avril 2026,04:00,San Jose Sharks - Toronto Maple Leafs,Regular Time,No Score,yes,
Second Leg,,3 avril 2026,04:00,Seattle Kraken - Utah Mammoth,Regular Time,No Score,yes,
Second Leg,,3 avril 2026,04:30,Los Angeles Kings - Nashville Predators,Regular Time,No Score,yes,
Second Leg,,4 avril 2026,01:00,New York Islanders - Philadelphia Flyers,Regular Time,No Score,yes,
Second Leg,,4 avril 2026,04:00,Anaheim Ducks - St.Louis Blues,Regular Time,No Score,yes,
Second Leg,,4 avril 2026,18:30,New York Rangers - Detroit Red Wings,Regular Time,No Score,yes,
Second Leg,,4 avril 2026,19:00,Ottawa Senators - Minnesota Wild,Regular Time,No Score,yes,
Second Leg,,4 avril 2026,21:00,Dallas Stars - Colorado Avalanche,Regular Time,No Score,yes,
Second Leg,,4 avril 2026,23:00,Tampa Bay Lightning - Boston Bruins,Regular Time,No Score,yes,
Second Leg,,4 avril 2026,23:00,Pittsburgh Penguins - Florida Panthers,Regular Time,No Score,yes,
Second Leg,,5 avril 2026,01:00,New Jersey Devils - Montreal Canadiens,Regular Time,No Score,yes,
Second Leg,,5 avril 2026,01:00,Washington Capitals - Buffalo Sabres,Regular Time,No Score,yes,
Second Leg,,5 avril 2026,01:00,Carolina Hurricanes - New York Islanders,Regular Time,No Score,yes,
Second Leg,,5 avril 2026,01:00,Vancouver Canucks - Utah Mammoth,Regular Time,No Score,yes,
Second Leg,,5 avril 2026,01:00,Los Angeles Kings - Toronto Maple Leafs,Regular Time,No Score,yes,
Second Leg,,5 avril 2026,01:00,Columbus Blue Jackets - Winnipeg Jets,Regular Time,No Score,yes,
Second Leg,,5 avril 2026,04:00,San Jose Sharks - Nashville Predators,Regular Time,No Score,yes,
Second Leg,,5 avril 2026,04:00,Edmonton Oilers - Vegas Golden Knights,Regular Time,No Score,yes,
Second Leg,,5 avril 2026,04:00,Anaheim Ducks - Calgary Flames,Regular Time,No Score,yes,
Second Leg,,5 avril 2026,04:00,Seattle Kraken - Chicago Blackhawks,Regular Time,No Score,yes,
Second Leg,,5 avril 2026,19:00,Detroit Red Wings - Minnesota Wild,Regular Time,No Score,yes,
Second Leg,,5 avril 2026,21:00,Pittsburgh Penguins - Florida Panthers,Regular Time,No Score,yes,
Second Leg,,5 avril 2026,21:30,Philadelphia Flyers - Boston Bruins,Regular Time,No Score,yes,
Second Leg,,5 avril 2026,23:00,Ottawa Senators - Carolina Hurricanes,Regular Time,No Score,yes,
Second Leg,,6 avril 2026,01:00,Montreal Canadiens - New Jersey Devils,Regular Time,No Score,yes,
Second Leg,,6 avril 2026,01:00,New York Rangers - Washington Capitals,Regular Time,No Score,yes,
Second Leg,,6 avril 2026,03:30,Colorado Avalanche - St.Louis Blues,Regular Time,No Score,yes,
Second Leg,,7 avril 2026,01:00,Buffalo Sabres - Tampa Bay Lightning,Regular Time,No Score,yes,
Second Leg,,7 avril 2026,01:30,Winnipeg Jets - Seattle Kraken,Regular Time,No Score,yes,
Second Leg,,7 avril 2026,04:00,San Jose Sharks - Chicago Blackhawks,Regular Time,No Score,yes,
Second Leg,,7 avril 2026,04:30,Los Angeles Kings - Nashville Predators,Regular Time,No Score,yes,
Second Leg,,8 avril 2026,01:00,Montreal Canadiens - Florida Panthers,Regular Time,No Score,yes,
Second Leg,,8 avril 2026,01:00,Detroit Red Wings - Columbus Blue Jackets,Regular Time,No Score,yes,
Second Leg,,8 avril 2026,01:00,New Jersey Devils - Philadelphia Flyers,Regular Time,No Score,yes,
Second Leg,,8 avril 2026,01:00,Carolina Hurricanes - Boston Bruins,Regular Time,No Score,yes,
Second Leg,,8 avril 2026,01:00,Ottawa Senators - Tampa Bay Lightning,Regular Time,No Score,yes,
Second Leg,,8 avril 2026,02:00,St.Louis Blues - Colorado Avalanche,Regular Time,No Score,yes,
Second Leg,,8 avril 2026,02:00,Dallas Stars - Calgary Flames,Regular Time,No Score,yes,
Second Leg,,8 avril 2026,02:00,Minnesota Wild - Seattle Kraken,Regular Time,No Score,yes,
Second Leg,,8 avril 2026,03:30,Utah Mammoth - Edmonton Oilers,Regular Time,No Score,yes,
Second Leg,,8 avril 2026,04:00,Vancouver Canucks - Vegas Golden Knights,Regular Time,No Score,yes,
Second Leg,,8 avril 2026,04:00,Anaheim Ducks - Nashville Predators,Regular Time,No Score,yes,
Second Leg,,9 avril 2026,01:00,New York Rangers - Buffalo Sabres,Regular Time,No Score,yes,
Second Leg,,9 avril 2026,01:30,Toronto Maple Leafs - Washington Capitals,Regular Time,No Score,yes,
Second Leg,,9 avril 2026,04:00,San Jose Sharks - Edmonton Oilers,Regular Time,No Score,yes,
Second Leg,,10 avril 2026,00:45,New York Islanders - Toronto Maple Leafs,Regular Time,No Score,yes,
Second Leg,,10 avril 2026,01:00,Buffalo Sabres - Columbus Blue Jackets,Regular Time,No Score,yes,
Second Leg,,10 avril 2026,01:00,Montreal Canadiens - Tampa Bay Lightning,Regular Time,No Score,yes,
Second Leg,,10 avril 2026,01:00,Ottawa Senators - Florida Panthers,Regular Time,No Score,yes,
Second Leg,,10 avril 2026,01:00,Detroit Red Wings - Philadelphia Flyers,Regular Time,No Score,yes,
Second Leg,,10 avril 2026,01:00,New Jersey Devils - Pittsburgh Penguins,Regular Time,No Score,yes,
Second Leg,,10 avril 2026,02:00,St.Louis Blues - Winnipeg Jets,Regular Time,No Score,yes,
Second Leg,,10 avril 2026,02:30,Chicago Blackhawks - Carolina Hurricanes,Regular Time,No Score,yes,
Second Leg,,10 avril 2026,03:00,Dallas Stars - Minnesota Wild,Regular Time,No Score,yes,
Second Leg,,10 avril 2026,03:00,Colorado Avalanche - Calgary Flames,Regular Time,No Score,yes,
Second Leg,,10 avril 2026,03:00,Utah Mammoth - Nashville Predators,Regular Time,No Score,yes,
Second Leg,,10 avril 2026,04:00,Anaheim Ducks - San Jose Sharks,Regular Time,No Score,yes,
Second Leg,,10 avril 2026,04:00,Seattle Kraken - Vegas Golden Knights,Regular Time,No Score,yes,
Second Leg,,10 avril 2026,04:30,Los Angeles Kings - Vancouver Canucks,Regular Time,No Score,yes,
Second Leg,,11 avril 2026,18:30,Boston Bruins - Tampa Bay Lightning,Regular Time,No Score,yes,
Second Leg,,11 avril 2026,19:00,New York Islanders - Ottawa Senators,Regular Time,No Score,yes,
Second Leg,,11 avril 2026,21:00,Pittsburgh Penguins - Washington Capitals,Regular Time,No Score,yes,
Second Leg,,11 avril 2026,22:00,Los Angeles Kings - Edmonton Oilers,Regular Time,No Score,yes,
Second Leg,,11 avril 2026,23:00,Detroit Red Wings - New Jersey Devils,Regular Time,No Score,yes,
Second Leg,,11 avril 2026,23:00,Utah Mammoth - Carolina Hurricanes,Regular Time,No Score,yes,
Second Leg,,11 avril 2026,23:00,Nashville Predators - Minnesota Wild,Regular Time,No Score,yes,
Second Leg,,11 avril 2026,23:00,Dallas Stars - New York Rangers,Regular Time,No Score,yes,
Second Leg,,11 avril 2026,23:00,Chicago Blackhawks - St.Louis Blues,Regular Time,No Score,yes,
Second Leg,,12 avril 2026,01:00,Toronto Maple Leafs - Florida Panthers,Regular Time,No Score,yes,
Second Leg,,12 avril 2026,01:00,Montreal Canadiens - Columbus Blue Jackets,Regular Time,No Score,yes,
Second Leg,,12 avril 2026,01:00,Winnipeg Jets - Philadelphia Flyers,Regular Time,No Score,yes,
Second Leg,,12 avril 2026,01:00,Seattle Kraken - Calgary Flames,Regular Time,No Score,yes,
Second Leg,,12 avril 2026,02:00,Colorado Avalanche - Vegas Golden Knights,Regular Time,No Score,yes,
Second Leg,,12 avril 2026,04:00,San Jose Sharks - Vancouver Canucks,Regular Time,No Score,yes,
Second Leg,,12 avril 2026,21:00,Washington Capitals - Pittsburgh Penguins,Regular Time,No Score,yes,
Second Leg,,13 avril 2026,00:00,New York Islanders - Montreal Canadiens,Regular Time,No Score,yes,
Second Leg,,13 avril 2026,00:00,Columbus Blue Jackets - Boston Bruins,Regular Time,No Score,yes,
Second Leg,,13 avril 2026,01:00,New Jersey Devils - Ottawa Senators,Regular Time,No Score,yes,
Second Leg,,13 avril 2026,02:00,Anaheim Ducks - Vancouver Canucks,Regular Time,No Score,yes,
Second Leg,,13 avril 2026,03:00,Calgary Flames - Utah Mammoth,Regular Time,No Score,yes,
Second Leg,,14 avril 2026,01:00,Florida Panthers - New York Rangers,Regular Time,No Score,yes,
Second Leg,,14 avril 2026,01:00,Philadelphia Flyers - Carolina Hurricanes,Regular Time,No Score,yes,
Second Leg,,14 avril 2026,01:00,Tampa Bay Lightning - Detroit Red Wings,Regular Time,No Score,yes,
Second Leg,,14 avril 2026,01:30,Toronto Maple Leafs - Dallas Stars,Regular Time,No Score,yes,
Second Leg,,14 avril 2026,02:00,St.Louis Blues - Minnesota Wild,Regular Time,No Score,yes,
Second Leg,,14 avril 2026,02:00,Nashville Predators - San Jose Sharks,Regular Time,No Score,yes,
Second Leg,,14 avril 2026,02:30,Chicago Blackhawks - Buffalo Sabres,Regular Time,No Score,yes,
Second Leg,,14 avril 2026,03:30,Seattle Kraken - Los Angeles Kings,Regular Time,No Score,yes,
Second Leg,,14 avril 2026,03:30,Edmonton Oilers - Colorado Avalanche,Regular Time,No Score,yes,
Second Leg,,14 avril 2026,04:00,Vegas Golden Knights - Winnipeg Jets,Regular Time,No Score,yes,
Second Leg,,15 avril 2026,01:00,Philadelphia Flyers - Montreal Canadiens,Regular Time,No Score,yes,
Second Leg,,15 avril 2026,01:00,New York Islanders - Carolina Hurricanes,Regular Time,No Score,yes,
Second Leg,,15 avril 2026,01:00,Columbus Blue Jackets - Washington Capitals,Regular Time,No Score,yes,
Second Leg,,15 avril 2026,01:00,Boston Bruins - New Jersey Devils,Regular Time,No Score,yes,
Second Leg,,15 avril 2026,02:00,Minnesota Wild - Anaheim Ducks,Regular Time,No Score,yes,
Second Leg,,15 avril 2026,03:00,Utah Mammoth - Winnipeg Jets,Regular Time,No Score,yes,
Second Leg,,15 avril 2026,03:00,Calgary Flames - Colorado Avalanche,Regular Time,No Score,yes,
Second Leg,,15 avril 2026,03:30,St.Louis Blues - Pittsburgh Penguins,Regular Time,No Score,yes,
Second Leg,,15 avril 2026,04:00,Vancouver Canucks - Los Angeles Kings,Regular Time,No Score,yes,
Second Leg,,16 avril 2026,01:00,Buffalo Sabres - Dallas Stars,Regular Time,No Score,yes,
Second Leg,,16 avril 2026,01:00,Tampa Bay Lightning - New York Rangers,Regular Time,No Score,yes,
Second Leg,,16 avril 2026,01:00,Florida Panthers - Detroit Red Wings,Regular Time,No Score,yes,
Second Leg,,16 avril 2026,01:30,Ottawa Senators - Toronto Maple Leafs,Regular Time,No Score,yes,
Second Leg,,16 avril 2026,02:30,Chicago Blackhawks - San Jose Sharks,Regular Time,No Score,yes,
Second Leg,,16 avril 2026,04:00,Vegas Golden Knights - Seattle Kraken,Regular Time,No Score,yes,
Second Leg,,17 avril 2026,02:00,Utah Mammoth - St.Louis Blues,Regular Time,No Score,yes,
Second Leg,,17 avril 2026,02:00,Nashville Predators - Anaheim Ducks,Regular Time,No Score,yes,
Second Leg,,17 avril 2026,02:00,Winnipeg Jets - San Jose Sharks,Regular Time,No Score,yes,
Second Leg,,17 avril 2026,03:00,Calgary Flames - Los Angeles Kings,Regular Time,No Score,yes,
Second Leg,,17 avril 2026,03:00,Edmonton Oilers - Vancouver Canucks,Regular Time,No Score,yes,
Second Leg,,17 avril 2026,04:30,Colorado Avalanche - Seattle Kraken,Regular Time,No Score,yes,
