leg,journee,date,hour,match,win_type,score,available,winner
Second Leg,,9 septembre 2025,Terminé,Ambri - Kloten,Regular Time,2 - 1,no,Ambri
Second Leg,,9 septembre 2025,Terminé,Davos - Lausanne,Regular Time,4 - 1,no,Davos
Second Leg,,9 septembre 2025,Terminé,Fribourg - Lugano,Extra Time,3 - 2,no,Fribourg
Second Leg,,9 septembre 2025,Terminé,Geneve - Ajoie,Regular Time,5 - 3,no,Geneve
Second Leg,,9 septembre 2025,Terminé,Rapperswil - Langnau,Regular Time,5 - 1,no,Rapperswil
Second Leg,,9 septembre 2025,Terminé,Zurich - Bienne,Regular Time,4 - 3,no,Zurich
Second Leg,,9 septembre 2025,Terminé,Zoug - Berne,Regular Time,3 - 0,no,Zoug
Second Leg,,11 septembre 2025,Terminé,Bienne - Davos,Regular Time,1 - 4,no,Davos
Second Leg,,12 septembre 2025,Terminé,Ajoie - Zurich,Regular Time,0 - 4,no,Zurich
Second Leg,,12 septembre 2025,Terminé,Berne - Geneve,Extra Time,2 - 1,no,Berne
Second Leg,,12 septembre 2025,Terminé,Kloten - Rapperswil,Regular Time,5 - 3,no,Kloten
Second Leg,,12 septembre 2025,Terminé,Lugano - Zoug,Regular Time,1 - 2,no,Zoug
Second Leg,,12 septembre 2025,Terminé,Lausanne - Fribourg,Regular Time,5 - 1,no,Lausanne
Second Leg,,12 septembre 2025,Terminé,Langnau - Ambri,Regular Time,3 - 2,no,Langnau
Second Leg,,13 septembre 2025,Terminé,Ambri - Lausanne,Regular Time,0 - 3,no,Lausanne
Second Leg,,13 septembre 2025,Terminé,Fribourg - Bienne,Regular Time,4 - 0,no,Fribourg
Second Leg,,13 septembre 2025,Terminé,Geneve - Kloten,Regular Time,4 - 2,no,Geneve
Second Leg,,13 septembre 2025,Terminé,Rapperswil - Berne,Regular Time,2 - 1,no,Rapperswil
Second Leg,,13 septembre 2025,Terminé,Zurich - Lugano,Regular Time,5 - 1,no,Zurich
Second Leg,,13 septembre 2025,Terminé,Zoug - Langnau,Extra Time,3 - 4,no,Langnau
Second Leg,,14 septembre 2025,Terminé,Davos - Ajoie,Regular Time,6 - 0,no,Davos
Second Leg,,16 septembre 2025,Terminé,Ajoie - Rapperswil,Regular Time,2 - 4,no,Rapperswil
Second Leg,,16 septembre 2025,Terminé,Berne - Ambri,Regular Time,3 - 1,no,Berne
Second Leg,,16 septembre 2025,Terminé,Bienne - Lugano,Extra Time,3 - 2,no,Bienne
Second Leg,,16 septembre 2025,Terminé,Davos - Kloten,Regular Time,4 - 2,no,Davos
Second Leg,,16 septembre 2025,Terminé,Lausanne - Geneve,Regular Time,11 - 0,no,Lausanne
Second Leg,,16 septembre 2025,Terminé,Langnau - Zurich,Regular Time,2 - 1,no,Langnau
Second Leg,,16 septembre 2025,Terminé,Zoug - Fribourg,Extra Time,4 - 5,no,Fribourg
Second Leg,,18 septembre 2025,Terminé,Geneve - Fribourg,Regular Time,3 - 2,no,Geneve
Second Leg,,19 septembre 2025,Terminé,Ambri - Zurich,Regular Time,2 - 5,no,Zurich
Second Leg,,19 septembre 2025,Terminé,Kloten - Zoug,Regular Time,2 - 5,no,Zoug
Second Leg,,19 septembre 2025,Terminé,Lugano - Ajoie,Regular Time,2 - 0,no,Lugano
Second Leg,,19 septembre 2025,Terminé,Rapperswil - Lausanne,Regular Time,0 - 4,no,Lausanne
Second Leg,,19 septembre 2025,Terminé,Langnau - Davos,Regular Time,3 - 4,no,Davos
Second Leg,,20 septembre 2025,Terminé,Bienne - Ambri,Extra Time,3 - 2,no,Bienne
Second Leg,,20 septembre 2025,Terminé,Davos - Lugano,Regular Time,2 - 0,no,Davos
Second Leg,,20 septembre 2025,Terminé,Fribourg - Langnau,Regular Time,5 - 2,no,Fribourg
Second Leg,,20 septembre 2025,Terminé,Lausanne - Kloten,Regular Time,3 - 5,no,Kloten
Second Leg,,20 septembre 2025,Terminé,Zurich - Geneve,Regular Time,2 - 4,no,Geneve
Second Leg,,20 septembre 2025,Terminé,Zoug - Rapperswil,Regular Time,0 - 6,no,Rapperswil
Second Leg,,20 septembre 2025,Terminé,Ajoie - Berne,Regular Time,4 - 0,no,Ajoie
Second Leg,,23 septembre 2025,Terminé,Fribourg - Zurich,Extra Time,3 - 2,no,Fribourg
Second Leg,,23 septembre 2025,Terminé,Geneve - Ambri,Regular Time,5 - 4,no,Geneve
Second Leg,,23 septembre 2025,Terminé,Kloten - Ajoie,Extra Time,2 - 1,no,Kloten
Second Leg,,23 septembre 2025,Terminé,Lugano - Berne,Regular Time,0 - 3,no,Berne
Second Leg,,23 septembre 2025,Terminé,Lausanne - Langnau,Regular Time,4 - 1,no,Lausanne
Second Leg,,23 septembre 2025,Terminé,Rapperswil - Bienne,Regular Time,5 - 2,no,Rapperswil
Second Leg,,23 septembre 2025,Terminé,Zoug - Davos,Extra Time,3 - 4,no,Davos
Second Leg,,26 septembre 2025,Terminé,Ajoie - Fribourg,Regular Time,2 - 5,no,Fribourg
Second Leg,,26 septembre 2025,Terminé,Ambri - Zoug,Regular Time,0 - 4,no,Zoug
Second Leg,,26 septembre 2025,Terminé,Berne - Kloten,Regular Time,0 - 1,no,Kloten
Second Leg,,26 septembre 2025,Terminé,Geneve - Rapperswil,Regular Time,3 - 4,no,Rapperswil
Second Leg,,26 septembre 2025,Terminé,Lugano - Lausanne,Regular Time,4 - 5,no,Lausanne
Second Leg,,26 septembre 2025,Terminé,Langnau - Bienne,Extra Time,3 - 4,no,Bienne
Second Leg,,26 septembre 2025,Terminé,Zurich - Davos,Regular Time,2 - 5,no,Davos
Second Leg,,27 septembre 2025,Terminé,Bienne - Ajoie,Extra Time,5 - 4,no,Bienne
Second Leg,,27 septembre 2025,Terminé,Davos - Geneve,Extra Time,3 - 2,no,Davos
Second Leg,,27 septembre 2025,Terminé,Fribourg - Ambri,Regular Time,3 - 1,no,Fribourg
Second Leg,,27 septembre 2025,Terminé,Kloten - Langnau,Extra Time,2 - 3,no,Langnau
Second Leg,,27 septembre 2025,Terminé,Rapperswil - Lugano,Regular Time,1 - 4,no,Lugano
Second Leg,,27 septembre 2025,Terminé,Zoug - Zurich,Extra Time,2 - 1,no,Zoug
Second Leg,,28 septembre 2025,Terminé,Lausanne - Berne,Regular Time,6 - 3,no,Lausanne
Second Leg,,30 septembre 2025,Terminé,Ajoie - Lausanne,Regular Time,1 - 2,no,Lausanne
Second Leg,,30 septembre 2025,Terminé,Berne - Fribourg,Regular Time,1 - 5,no,Fribourg
Second Leg,,30 septembre 2025,Terminé,Bienne - Zoug,Regular Time,2 - 0,no,Bienne
Second Leg,,30 septembre 2025,Terminé,Lugano - Ambri,Regular Time,1 - 2,no,Ambri
Second Leg,,30 septembre 2025,Terminé,Rapperswil - Davos,Extra Time,4 - 3,no,Rapperswil
Second Leg,,30 septembre 2025,Terminé,Langnau - Geneve,Regular Time,3 - 4,no,Geneve
Second Leg,,30 septembre 2025,Terminé,Zurich - Kloten,Regular Time,2 - 0,no,Zurich
Second Leg,,1 octobre 2025,Terminé,Lausanne - Kloten,Regular Time,2 - 1,no,Lausanne
Second Leg,,3 octobre 2025,Terminé,Fribourg - Rapperswil,Regular Time,2 - 3,no,Rapperswil
Second Leg,,3 octobre 2025,Terminé,Geneve - Lugano,Regular Time,1 - 5,no,Lugano
Second Leg,,3 octobre 2025,Terminé,Kloten - Bienne,Regular Time,2 - 1,no,Kloten
Second Leg,,3 octobre 2025,Terminé,Langnau - Ajoie,Regular Time,1 - 0,no,Langnau
Second Leg,,3 octobre 2025,Terminé,Zurich - Berne,Regular Time,7 - 3,no,Zurich
Second Leg,,3 octobre 2025,Terminé,Zoug - Lausanne,Regular Time,4 - 2,no,Zoug
Second Leg,,4 octobre 2025,Terminé,Ajoie - Zoug,Regular Time,1 - 3,no,Zoug
Second Leg,,4 octobre 2025,Terminé,Berne - Langnau,Regular Time,2 - 1,no,Berne
Second Leg,,4 octobre 2025,Terminé,Davos - Fribourg,Regular Time,4 - 2,no,Davos
Second Leg,,4 octobre 2025,Terminé,Lausanne - Zurich,Regular Time,1 - 3,no,Zurich
Second Leg,,4 octobre 2025,Terminé,Rapperswil - Ambri,Regular Time,4 - 2,no,Rapperswil
Second Leg,,5 octobre 2025,Terminé,Bienne - Geneve,Regular Time,8 - 0,no,Bienne
Second Leg,,5 octobre 2025,Terminé,Lugano - Kloten,Extra Time,5 - 4,no,Lugano
Second Leg,,5 octobre 2025,Terminé,Ambri - Davos,Regular Time,4 - 6,no,Davos
Second Leg,,9 octobre 2025,Terminé,Fribourg - Kloten,Extra Time,4 - 3,no,Fribourg
Second Leg,,10 octobre 2025,Terminé,Ambri - Ajoie,Regular Time,3 - 2,no,Ambri
Second Leg,,10 octobre 2025,Terminé,Lugano - Langnau,Regular Time,2 - 5,no,Langnau
Second Leg,,10 octobre 2025,Terminé,Lausanne - Bienne,Regular Time,3 - 4,no,Bienne
Second Leg,,10 octobre 2025,Terminé,Rapperswil - Zurich,Regular Time,3 - 2,no,Rapperswil
Second Leg,,10 octobre 2025,Terminé,Zoug - Geneve,Regular Time,1 - 4,no,Geneve
Second Leg,,11 octobre 2025,Terminé,Berne - Zoug,Regular Time,3 - 0,no,Berne
Second Leg,,11 octobre 2025,Terminé,Bienne - Fribourg,Extra Time,2 - 1,no,Bienne
Second Leg,,11 octobre 2025,Terminé,Kloten - Davos,Regular Time,2 - 3,no,Davos
Second Leg,,11 octobre 2025,Terminé,Langnau - Rapperswil,Regular Time,1 - 4,no,Rapperswil
Second Leg,,11 octobre 2025,Terminé,Zurich - Ambri,Regular Time,1 - 2,no,Ambri
Second Leg,,12 octobre 2025,Terminé,Ajoie - Lugano,Regular Time,1 - 2,no,Lugano
Second Leg,,12 octobre 2025,Terminé,Geneve - Lausanne,Regular Time,5 - 3,no,Geneve
Second Leg,,12 octobre 2025,Terminé,Davos - Berne,Regular Time,2 - 1,no,Davos
Second Leg,,16 octobre 2025,Terminé,Lugano - Davos,Regular Time,0 - 3,no,Davos
Second Leg,,17 octobre 2025,Terminé,Ajoie - Kloten,Regular Time,0 - 3,no,Kloten
Second Leg,,17 octobre 2025,Terminé,Ambri - Langnau,Regular Time,2 - 4,no,Langnau
Second Leg,,17 octobre 2025,Terminé,Berne - Lausanne,Regular Time,0 - 2,no,Lausanne
Second Leg,,17 octobre 2025,Terminé,Bienne - Rapperswil,Regular Time,4 - 6,no,Rapperswil
Second Leg,,17 octobre 2025,Terminé,Fribourg - Geneve,Regular Time,6 - 2,no,Fribourg
Second Leg,,17 octobre 2025,Terminé,Zurich - Zoug,Extra Time,2 - 3,no,Zoug
Second Leg,,18 octobre 2025,Terminé,Davos - Zurich,Regular Time,3 - 1,no,Davos
Second Leg,,18 octobre 2025,Terminé,Geneve - Berne,Extra Time,2 - 1,no,Geneve
Second Leg,,18 octobre 2025,Terminé,Kloten - Ambri,Regular Time,1 - 3,no,Ambri
Second Leg,,18 octobre 2025,Terminé,Lausanne - Lugano,Regular Time,1 - 5,no,Lugano
Second Leg,,18 octobre 2025,Terminé,Langnau - Fribourg,Regular Time,6 - 0,no,Langnau
Second Leg,,19 octobre 2025,Terminé,Rapperswil - Ajoie,Regular Time,3 - 2,no,Rapperswil
Second Leg,,19 octobre 2025,Terminé,Zoug - Bienne,Regular Time,4 - 3,no,Zoug
Second Leg,,21 octobre 2025,Terminé,Ajoie - Langnau,Regular Time,2 - 1,no,Ajoie
Second Leg,,21 octobre 2025,Terminé,Ambri - Berne,Regular Time,0 - 5,no,Berne
Second Leg,,21 octobre 2025,Terminé,Davos - Bienne,Extra Time,4 - 3,no,Davos
Second Leg,,21 octobre 2025,Terminé,Fribourg - Zoug,Regular Time,5 - 2,no,Fribourg
Second Leg,,21 octobre 2025,Terminé,Kloten - Geneve,Extra Time,2 - 3,no,Geneve
Second Leg,,21 octobre 2025,Terminé,Lugano - Zurich,Regular Time,5 - 1,no,Lugano
Second Leg,,21 octobre 2025,Terminé,Lausanne - Rapperswil,Extra Time,2 - 1,no,Lausanne
Second Leg,,23 octobre 2025,Terminé,Zoug - Ajoie,Regular Time,8 - 3,no,Zoug
Second Leg,,24 octobre 2025,Terminé,Ajoie - Davos,Regular Time,2 - 4,no,Davos
Second Leg,,24 octobre 2025,Terminé,Berne - Lugano,Regular Time,1 - 4,no,Lugano
Second Leg,,24 octobre 2025,Terminé,Bienne - Kloten,Regular Time,5 - 1,no,Bienne
Second Leg,,24 octobre 2025,Terminé,Rapperswil - Zoug,Regular Time,2 - 6,no,Zoug
Second Leg,,24 octobre 2025,Terminé,Langnau - Lausanne,Extra Time,1 - 2,no,Lausanne
Second Leg,,24 octobre 2025,Terminé,Zurich - Fribourg,Extra Time,1 - 2,no,Fribourg
Second Leg,,24 octobre 2025,Terminé,Ambri - Geneve,Regular Time,5 - 2,no,Ambri
Second Leg,,25 octobre 2025,Terminé,Davos - Langnau,Regular Time,5 - 3,no,Davos
Second Leg,,25 octobre 2025,Terminé,Fribourg - Berne,Extra Time,1 - 2,no,Berne
Second Leg,,25 octobre 2025,Terminé,Geneve - Bienne,Regular Time,6 - 0,no,Geneve
Second Leg,,25 octobre 2025,Terminé,Kloten - Zurich,Regular Time,1 - 4,no,Zurich
Second Leg,,25 octobre 2025,Terminé,Lugano - Rapperswil,Regular Time,3 - 0,no,Lugano
Second Leg,,25 octobre 2025,Terminé,Lausanne - Ambri,Regular Time,5 - 1,no,Lausanne
Second Leg,,28 octobre 2025,Terminé,Ambri - Lugano,Regular Time,2 - 5,no,Lugano
Second Leg,,28 octobre 2025,Terminé,Berne - Ajoie,Regular Time,4 - 5,no,Ajoie
Second Leg,,28 octobre 2025,Terminé,Bienne - Lausanne,Regular Time,6 - 1,no,Bienne
Second Leg,,28 octobre 2025,Terminé,Geneve - Davos,Regular Time,7 - 0,no,Geneve
Second Leg,,28 octobre 2025,Terminé,Kloten - Fribourg,Regular Time,4 - 2,no,Kloten
Second Leg,,28 octobre 2025,Terminé,Langnau - Zoug,Regular Time,4 - 2,no,Langnau
Second Leg,,28 octobre 2025,Terminé,Zurich - Rapperswil,Regular Time,7 - 0,no,Zurich
Second Leg,,29 octobre 2025,Terminé,Lausanne - Davos,Regular Time,3 - 2,no,Lausanne
Second Leg,,30 octobre 2025,Terminé,Geneve - Zoug,Regular Time,0 - 1,no,Zoug
Second Leg,,31 octobre 2025,Terminé,Ajoie - Ambri,Regular Time,4 - 5,no,Ambri
Second Leg,,31 octobre 2025,Terminé,Bienne - Berne,Extra Time,5 - 6,no,Berne
Second Leg,,31 octobre 2025,Terminé,Rapperswil - Fribourg,Extra Time,0 - 1,no,Fribourg
Second Leg,,31 octobre 2025,Terminé,Zurich - Langnau,Regular Time,4 - 2,no,Zurich
Second Leg,,1 novembre 2025,Terminé,Lugano - Geneve,Regular Time,6 - 2,no,Lugano
Second Leg,,1 novembre 2025,Terminé,Ambri - Bienne,Regular Time,3 - 1,no,Ambri
Second Leg,,1 novembre 2025,Terminé,Berne - Zurich,Regular Time,0 - 3,no,Zurich
Second Leg,,1 novembre 2025,Terminé,Davos - Rapperswil,Regular Time,6 - 1,no,Davos
Second Leg,,1 novembre 2025,Terminé,Kloten - Lausanne,Regular Time,2 - 1,no,Kloten
Second Leg,,12 novembre 2025,Terminé,Fribourg - Ajoie,Regular Time,5 - 1,no,Fribourg
Second Leg,,12 novembre 2025,Terminé,Langnau - Lugano,Regular Time,3 - 0,no,Langnau
Second Leg,,13 novembre 2025,Terminé,Geneve - Langnau,Regular Time,3 - 1,no,Geneve
Second Leg,,14 novembre 2025,Terminé,Berne - Rapperswil,Regular Time,5 - 2,no,Berne
Second Leg,,14 novembre 2025,Terminé,Bienne - Zurich,Regular Time,0 - 2,no,Zurich
Second Leg,,14 novembre 2025,Terminé,Fribourg - Davos,Regular Time,5 - 3,no,Fribourg
Second Leg,,14 novembre 2025,Terminé,Kloten - Lugano,Regular Time,1 - 2,no,Lugano
Second Leg,,14 novembre 2025,Terminé,Lausanne - Ajoie,Extra Time,3 - 2,no,Lausanne
Second Leg,,14 novembre 2025,Terminé,Zoug - Ambri,Regular Time,4 - 2,no,Zoug
Second Leg,,15 novembre 2025,Terminé,Ajoie - Geneve,Regular Time,2 - 0,no,Ajoie
Second Leg,,15 novembre 2025,Terminé,Ambri - Fribourg,Regular Time,4 - 2,no,Ambri
Second Leg,,15 novembre 2025,Terminé,Lugano - Bienne,Regular Time,6 - 0,no,Lugano
Second Leg,,15 novembre 2025,Terminé,Rapperswil - Kloten,Extra Time,3 - 2,no,Rapperswil
Second Leg,,15 novembre 2025,Terminé,Langnau - Berne,Extra Time,3 - 4,no,Berne
Second Leg,,16 novembre 2025,Terminé,Davos - Zoug,Regular Time,5 - 1,no,Davos
Second Leg,,16 novembre 2025,Terminé,Zurich - Lausanne,Extra Time,1 - 2,no,Lausanne
Second Leg,,19 novembre 2025,Terminé,Ajoie - Bienne,Extra Time,3 - 4,no,Bienne
Second Leg,,20 novembre 2025,Terminé,Lugano - Fribourg,Regular Time,0 - 4,no,Fribourg
Second Leg,,20 novembre 2025,Terminé,Davos - Ambri,Regular Time,4 - 6,no,Ambri
Second Leg,,21 novembre 2025,Terminé,Bienne - Langnau,Regular Time,6 - 5,no,Bienne
Second Leg,,21 novembre 2025,Terminé,Fribourg - Lausanne,Regular Time,2 - 1,no,Fribourg
Second Leg,,21 novembre 2025,Terminé,Kloten - Berne,Regular Time,4 - 2,no,Kloten
Second Leg,,21 novembre 2025,Terminé,Rapperswil - Geneve,Regular Time,2 - 5,no,Geneve
Second Leg,,21 novembre 2025,Terminé,Zurich - Ajoie,Regular Time,2 - 3,no,Ajoie
Second Leg,,21 novembre 2025,Terminé,Zoug - Lugano,Regular Time,2 - 3,no,Lugano
Second Leg,,22 novembre 2025,Terminé,Ambri - Rapperswil,Regular Time,1 - 5,no,Rapperswil
Second Leg,,22 novembre 2025,Terminé,Berne - Davos,Regular Time,0 - 3,no,Davos
Second Leg,,22 novembre 2025,Terminé,Geneve - Zurich,Regular Time,4 - 1,no,Geneve
Second Leg,,22 novembre 2025,Terminé,Lausanne - Zoug,Regular Time,5 - 2,no,Lausanne
Second Leg,,22 novembre 2025,Terminé,Langnau - Kloten,Regular Time,6 - 1,no,Langnau
Second Leg,,25 novembre 2025,Terminé,Bienne - Kloten,Regular Time,3 - 1,no,Bienne
Second Leg,,25 novembre 2025,Terminé,Fribourg - Geneve,Regular Time,2 - 5,no,Geneve
Second Leg,,25 novembre 2025,Terminé,Rapperswil - Lausanne,Regular Time,3 - 4,no,Lausanne
Second Leg,,25 novembre 2025,Terminé,Zurich - Ambri,Extra Time,3 - 2,no,Zurich
Second Leg,,25 novembre 2025,Terminé,Zoug - Berne,Regular Time,4 - 2,no,Zoug
Second Leg,,25 novembre 2025,Terminé,Davos - Ajoie,Regular Time,8 - 0,no,Davos
Second Leg,,26 novembre 2025,Terminé,Lausanne - Langnau,Regular Time,6 - 4,no,Lausanne
Second Leg,,27 novembre 2025,Terminé,Zoug - Geneve,Regular Time,3 - 1,no,Zoug
Second Leg,,28 novembre 2025,Terminé,Berne - Zurich,Regular Time,2 - 1,no,Berne
Second Leg,,28 novembre 2025,Terminé,Bienne - Fribourg,Regular Time,2 - 3,no,Fribourg
Second Leg,,28 novembre 2025,Terminé,Davos - Rapperswil,Extra Time,4 - 3,no,Davos
Second Leg,,28 novembre 2025,Terminé,Kloten - Ajoie,Regular Time,2 - 3,no,Ajoie
Second Leg,,28 novembre 2025,Terminé,Lugano - Ambri,Regular Time,5 - 1,no,Lugano
Second Leg,,29 novembre 2025,Terminé,Ajoie - Zoug,Extra Time,3 - 2,no,Ajoie
Second Leg,,29 novembre 2025,Terminé,Ambri - Bienne,Extra Time,5 - 4,no,Ambri
Second Leg,,29 novembre 2025,Terminé,Fribourg - Berne,Regular Time,2 - 1,no,Fribourg
Second Leg,,29 novembre 2025,Terminé,Geneve - Davos,Extra Time,3 - 2,no,Geneve
Second Leg,,29 novembre 2025,Terminé,Zurich - Langnau,Extra Time,2 - 3,no,Langnau
Second Leg,,30 novembre 2025,Terminé,Langnau - Lausanne,Regular Time,3 - 4,no,Lausanne
Second Leg,,30 novembre 2025,Terminé,Rapperswil - Lugano,Extra Time,3 - 2,no,Rapperswil
Second Leg,,3 décembre 2025,Terminé,Berne - Bienne,Regular Time,6 - 2,no,Berne
Second Leg,,3 décembre 2025,Terminé,Fribourg - Rapperswil,Regular Time,2 - 4,no,Rapperswil
Second Leg,,3 décembre 2025,Terminé,Davos - Geneve,Regular Time,6 - 2,no,Davos
Second Leg,,4 décembre 2025,Terminé,Ambri - Geneve,Regular Time,5 - 2,no,Ambri
Second Leg,,5 décembre 2025,Terminé,Ajoie - Fribourg,Regular Time,1 - 5,no,Fribourg
Second Leg,,5 décembre 2025,Terminé,Davos - Zurich,Extra Time,2 - 3,no,Zurich
Second Leg,,5 décembre 2025,Terminé,Lugano - Kloten,Regular Time,4 - 1,no,Lugano
Second Leg,,5 décembre 2025,Terminé,Rapperswil - Bienne,Extra Time,2 - 3,no,Bienne
Second Leg,,5 décembre 2025,Terminé,Langnau - Zoug,Regular Time,3 - 1,no,Langnau
Second Leg,,6 décembre 2025,Terminé,Berne - Langnau,Regular Time,5 - 1,no,Berne
Second Leg,,6 décembre 2025,Terminé,Bienne - Lausanne,Regular Time,1 - 2,no,Lausanne
Second Leg,,6 décembre 2025,Terminé,Geneve - Ajoie,Regular Time,6 - 1,no,Geneve
Second Leg,,7 décembre 2025,Terminé,Fribourg - Davos,Regular Time,4 - 0,no,Fribourg
Second Leg,,7 décembre 2025,Terminé,Kloten - Ambri,Regular Time,2 - 1,no,Kloten
Second Leg,,7 décembre 2025,Terminé,Zurich - Rapperswil,Regular Time,3 - 1,no,Zurich
Second Leg,,7 décembre 2025,Terminé,Lugano - Berne,Regular Time,3 - 1,no,Lugano
Second Leg,,17 décembre 2025,Terminé,Zoug - Kloten,Regular Time,5 - 4,no,Zoug
Second Leg,,17 décembre 2025,Terminé,Zurich - Lugano,Regular Time,5 - 3,no,Zurich
Second Leg,,17 décembre 2025,Terminé,Fribourg - Ajoie,Regular Time,4 - 2,no,Fribourg
Second Leg,,19 décembre 2025,Terminé,Ajoie - Lausanne,Extra Time,3 - 4,no,Lausanne
Second Leg,,19 décembre 2025,Terminé,Ambri - Fribourg,Extra Time,5 - 6,no,Fribourg
Second Leg,,19 décembre 2025,Terminé,Berne - Davos,Extra Time,2 - 3,no,Davos
Second Leg,,19 décembre 2025,Terminé,Geneve - Langnau,Regular Time,1 - 4,no,Langnau
Second Leg,,19 décembre 2025,Terminé,Kloten - Rapperswil,Regular Time,5 - 2,no,Kloten
Second Leg,,19 décembre 2025,Terminé,Zoug - Bienne,Regular Time,4 - 0,no,Zoug
Second Leg,,20 décembre 2025,Terminé,Davos - Lugano,Regular Time,5 - 4,no,Davos
Second Leg,,20 décembre 2025,Terminé,Fribourg - Zurich,Regular Time,4 - 2,no,Fribourg
Second Leg,,20 décembre 2025,Terminé,Lausanne - Ambri,Regular Time,5 - 1,no,Lausanne
Second Leg,,20 décembre 2025,Terminé,Rapperswil - Zoug,Regular Time,4 - 2,no,Rapperswil
Second Leg,,20 décembre 2025,Terminé,Langnau - Kloten,Extra Time,4 - 3,no,Langnau
Second Leg,,20 décembre 2025,Terminé,Bienne - Geneve,Regular Time,3 - 2,no,Bienne
Second Leg,,22 décembre 2025,Terminé,Lausanne - Berne,Extra Time,2 - 3,no,Berne
Second Leg,,22 décembre 2025,Terminé,Lugano - Ajoie,Regular Time,6 - 1,no,Lugano
Second Leg,,23 décembre 2025,Terminé,Ambri - Ajoie,Regular Time,2 - 5,no,Ajoie
Second Leg,,23 décembre 2025,Terminé,Berne - Rapperswil,Extra Time,3 - 2,no,Berne
Second Leg,,23 décembre 2025,Terminé,Geneve - Lausanne,Regular Time,7 - 3,no,Geneve
Second Leg,,23 décembre 2025,Terminé,Kloten - Fribourg,Regular Time,4 - 3,no,Kloten
Second Leg,,23 décembre 2025,Terminé,Langnau - Lugano,Regular Time,2 - 4,no,Lugano
Second Leg,,23 décembre 2025,Terminé,Zurich - Bienne,Regular Time,4 - 2,no,Zurich
Second Leg,,23 décembre 2025,Terminé,Zoug - Davos,Extra Time,3 - 2,no,Zoug
Second Leg,,2 janvier 2026,Terminé,Ajoie - Berne,Regular Time,3 - 4,no,Berne
Second Leg,,2 janvier 2026,Terminé,Geneve - Zurich,Regular Time,5 - 3,no,Geneve
Second Leg,,2 janvier 2026,Terminé,Lausanne - Zoug,Regular Time,7 - 0,no,Lausanne
Second Leg,,2 janvier 2026,Terminé,Ambri - Langnau,Regular Time,0 - 3,no,Langnau
Second Leg,,2 janvier 2026,Terminé,Bienne - Lugano,Regular Time,3 - 1,no,Bienne
Second Leg,,2 janvier 2026,Terminé,Kloten - Davos,Regular Time,4 - 1,no,Kloten
Second Leg,,3 janvier 2026,Terminé,Berne - Geneve,Regular Time,0 - 3,no,Geneve
Second Leg,,3 janvier 2026,Terminé,Davos - Ambri,Regular Time,7 - 3,no,Davos
Second Leg,,3 janvier 2026,Terminé,Lugano - Fribourg,Regular Time,3 - 2,no,Lugano
Second Leg,,3 janvier 2026,Terminé,Rapperswil - Ajoie,Extra Time,2 - 1,no,Rapperswil
Second Leg,,3 janvier 2026,Terminé,Langnau - Bienne,Regular Time,4 - 0,no,Langnau
Second Leg,,3 janvier 2026,Terminé,Zurich - Lausanne,Regular Time,3 - 2,no,Zurich
Second Leg,,3 janvier 2026,Terminé,Zoug - Kloten,Extra Time,1 - 2,no,Kloten
Second Leg,,6 janvier 2026,Terminé,Ajoie - Zurich,Regular Time,3 - 5,no,Zurich
Second Leg,,6 janvier 2026,Terminé,Ambri - Zoug,Regular Time,4 - 0,no,Ambri
Second Leg,,6 janvier 2026,Terminé,Bienne - Davos,Extra Time,4 - 3,no,Bienne
Second Leg,,6 janvier 2026,Terminé,Fribourg - Langnau,Extra Time,4 - 3,no,Fribourg
Second Leg,,6 janvier 2026,Terminé,Geneve - Rapperswil,Regular Time,3 - 1,no,Geneve
Second Leg,,6 janvier 2026,Terminé,Kloten - Berne,Regular Time,2 - 3,no,Berne
Second Leg,,7 janvier 2026,Terminé,Lausanne - Lugano,Regular Time,2 - 5,no,Lugano
Second Leg,,8 janvier 2026,Terminé,Fribourg - Zoug,Extra Time,3 - 2,no,Fribourg
Second Leg,,8 janvier 2026,Terminé,Geneve - Lugano,Extra Time,2 - 1,no,Geneve
Second Leg,,8 janvier 2026,Terminé,Rapperswil - Langnau,Regular Time,2 - 1,no,Rapperswil
Second Leg,,9 janvier 2026,Terminé,Ajoie - Bienne,Regular Time,1 - 2,no,Bienne
Second Leg,,9 janvier 2026,Terminé,Berne - Ambri,Extra Time,0 - 1,no,Ambri
Second Leg,,9 janvier 2026,Terminé,Davos - Lausanne,Regular Time,5 - 1,no,Davos
Second Leg,,10 janvier 2026,Terminé,Ambri - Rapperswil,Extra Time,4 - 3,no,Ambri
Second Leg,,10 janvier 2026,Terminé,Bienne - Berne,Regular Time,1 - 2,no,Berne
Second Leg,,10 janvier 2026,Terminé,Kloten - Geneve,Regular Time,1 - 3,no,Geneve
Second Leg,,10 janvier 2026,Terminé,Lausanne - Fribourg,Regular Time,0 - 4,no,Fribourg
Second Leg,,10 janvier 2026,Terminé,Langnau - Davos,Regular Time,3 - 1,no,Langnau
Second Leg,,10 janvier 2026,Terminé,Zoug - Zurich,Extra Time,2 - 3,no,Zurich
Second Leg,,11 janvier 2026,Terminé,Zurich - Kloten,Regular Time,1 - 0,no,Zurich
Second Leg,,14 janvier 2026,Terminé,Ajoie - Langnau,Extra Time,2 - 1,no,Ajoie
Second Leg,,14 janvier 2026,Terminé,Zoug - Lugano,Regular Time,2 - 3,no,Lugano
Second Leg,,14 janvier 2026,Terminé,Lausanne - Geneve,Regular Time,0 - 3,no,Geneve
Second Leg,,15 janvier 2026,Terminé,Bienne - Ambri,Extra Time,3 - 2,no,Bienne
Second Leg,,16 janvier 2026,19:45,Berne - Lugano,Regular Time,No Score,yes,
Second Leg,,16 janvier 2026,19:45,Kloten - Lausanne,Regular Time,No Score,yes,
Second Leg,,16 janvier 2026,19:45,Rapperswil - Zurich,Regular Time,No Score,yes,
Second Leg,,16 janvier 2026,19:45,Langnau - Geneve,Regular Time,No Score,yes,
Second Leg,,16 janvier 2026,19:45,Zoug - Ajoie,Regular Time,No Score,yes,
Second Leg,,17 janvier 2026,19:45,Ajoie - Davos,Regular Time,No Score,yes,
Second Leg,,17 janvier 2026,19:45,Ambri - Kloten,Regular Time,No Score,yes,
Second Leg,,17 janvier 2026,19:45,Fribourg - Bienne,Regular Time,No Score,yes,
Second Leg,,17 janvier 2026,19:45,Geneve - Zoug,Regular Time,No Score,yes,
Second Leg,,17 janvier 2026,19:45,Zurich - Berne,Regular Time,No Score,yes,
Second Leg,,18 janvier 2026,15:45,Lugano - Langnau,Regular Time,No Score,yes,
Second Leg,,18 janvier 2026,15:45,Lausanne - Rapperswil,Regular Time,No Score,yes,
Second Leg,,23 janvier 2026,19:45,Ambri - Zurich,Regular Time,No Score,yes,
Second Leg,,23 janvier 2026,19:45,Fribourg - Lugano,Regular Time,No Score,yes,
Second Leg,,23 janvier 2026,19:45,Kloten - Zoug,Regular Time,No Score,yes,
Second Leg,,23 janvier 2026,19:45,Lausanne - Bienne,Regular Time,No Score,yes,
Second Leg,,23 janvier 2026,19:45,Rapperswil - Berne,Regular Time,No Score,yes,
Second Leg,,23 janvier 2026,19:45,Langnau - Ajoie,Regular Time,No Score,yes,
Second Leg,,24 janvier 2026,19:45,Ajoie - Kloten,Regular Time,No Score,yes,
Second Leg,,24 janvier 2026,19:45,Berne - Lausanne,Regular Time,No Score,yes,
Second Leg,,24 janvier 2026,19:45,Bienne - Rapperswil,Regular Time,No Score,yes,
Second Leg,,24 janvier 2026,19:45,Lugano - Davos,Regular Time,No Score,yes,
Second Leg,,24 janvier 2026,19:45,Zurich - Fribourg,Regular Time,No Score,yes,
Second Leg,,24 janvier 2026,19:45,Zoug - Langnau,Regular Time,No Score,yes,
Second Leg,,26 janvier 2026,19:45,Geneve - Ambri,Regular Time,No Score,yes,
Second Leg,,27 janvier 2026,19:45,Bienne - Ajoie,Regular Time,No Score,yes,
Second Leg,,27 janvier 2026,19:45,Davos - Zoug,Regular Time,No Score,yes,
Second Leg,,27 janvier 2026,19:45,Fribourg - Ambri,Regular Time,No Score,yes,
Second Leg,,27 janvier 2026,19:45,Kloten - Zurich,Regular Time,No Score,yes,
Second Leg,,27 janvier 2026,19:45,Lugano - Rapperswil,Regular Time,No Score,yes,
Second Leg,,27 janvier 2026,19:45,Langnau - Berne,Regular Time,No Score,yes,
Second Leg,,29 janvier 2026,19:45,Ambri - Lugano,Regular Time,No Score,yes,
Second Leg,,29 janvier 2026,19:45,Geneve - Fribourg,Regular Time,No Score,yes,
Second Leg,,29 janvier 2026,19:45,Rapperswil - Davos,Regular Time,No Score,yes,
Second Leg,,30 janvier 2026,19:45,Ajoie - Rapperswil,Regular Time,No Score,yes,
Second Leg,,30 janvier 2026,19:45,Bienne - Zurich,Regular Time,No Score,yes,
Second Leg,,30 janvier 2026,19:45,Davos - Berne,Regular Time,No Score,yes,
Second Leg,,30 janvier 2026,19:45,Fribourg - Kloten,Regular Time,No Score,yes,
Second Leg,,30 janvier 2026,19:45,Zoug - Lausanne,Regular Time,No Score,yes,
Second Leg,,31 janvier 2026,19:45,Zurich - Zoug,Regular Time,No Score,yes,
Second Leg,,31 janvier 2026,19:45,Lugano - Geneve,Regular Time,No Score,yes,
Second Leg,,31 janvier 2026,19:45,Langnau - Ambri,Regular Time,No Score,yes,
Second Leg,,1 février 2026,14:00,Berne - Ajoie,Regular Time,No Score,yes,
Second Leg,,1 février 2026,14:00,Kloten - Bienne,Regular Time,No Score,yes,
Second Leg,,1 février 2026,15:45,Davos - Fribourg,Regular Time,No Score,yes,
Second Leg,,24 février 2026,19:45,Ambri - Lausanne,Regular Time,No Score,yes,
Second Leg,,24 février 2026,19:45,Berne - Kloten,Regular Time,No Score,yes,
Second Leg,,24 février 2026,19:45,Davos - Langnau,Regular Time,No Score,yes,
Second Leg,,24 février 2026,19:45,Lugano - Bienne,Regular Time,No Score,yes,
Second Leg,,24 février 2026,19:45,Rapperswil - Geneve,Regular Time,No Score,yes,
Second Leg,,24 février 2026,19:45,Zurich - Ajoie,Regular Time,No Score,yes,
Second Leg,,24 février 2026,19:45,Zoug - Fribourg,Regular Time,No Score,yes,
Second Leg,,27 février 2026,19:45,Ajoie - Lugano,Regular Time,No Score,yes,
Second Leg,,27 février 2026,19:45,Ambri - Davos,Regular Time,No Score,yes,
Second Leg,,27 février 2026,19:45,Bienne - Zoug,Regular Time,No Score,yes,
Second Leg,,27 février 2026,19:45,Geneve - Berne,Regular Time,No Score,yes,
Second Leg,,27 février 2026,19:45,Kloten - Langnau,Regular Time,No Score,yes,
Second Leg,,27 février 2026,19:45,Lausanne - Zurich,Regular Time,No Score,yes,
Second Leg,,27 février 2026,19:45,Rapperswil - Fribourg,Regular Time,No Score,yes,
Second Leg,,28 février 2026,19:45,Berne - Bienne,Regular Time,No Score,yes,
Second Leg,,28 février 2026,19:45,Davos - Kloten,Regular Time,No Score,yes,
Second Leg,,28 février 2026,19:45,Lugano - Lausanne,Regular Time,No Score,yes,
Second Leg,,28 février 2026,19:45,Langnau - Rapperswil,Regular Time,No Score,yes,
Second Leg,,28 février 2026,19:45,Zurich - Geneve,Regular Time,No Score,yes,
Second Leg,,28 février 2026,19:45,Zoug - Ambri,Regular Time,No Score,yes,
Second Leg,,5 mars 2026,19:45,Ajoie - Ambri,Regular Time,No Score,yes,
Second Leg,,5 mars 2026,19:45,Berne - Zoug,Regular Time,No Score,yes,
Second Leg,,5 mars 2026,19:45,Geneve - Bienne,Regular Time,No Score,yes,
Second Leg,,5 mars 2026,19:45,Lugano - Zurich,Regular Time,No Score,yes,
Second Leg,,5 mars 2026,19:45,Lausanne - Davos,Regular Time,No Score,yes,
Second Leg,,5 mars 2026,19:45,Rapperswil - Kloten,Regular Time,No Score,yes,
Second Leg,,5 mars 2026,19:45,Langnau - Fribourg,Regular Time,No Score,yes,
Second Leg,,7 mars 2026,19:45,Ajoie - Geneve,Regular Time,No Score,yes,
Second Leg,,7 mars 2026,19:45,Ambri - Berne,Regular Time,No Score,yes,
Second Leg,,7 mars 2026,19:45,Bienne - Langnau,Regular Time,No Score,yes,
Second Leg,,7 mars 2026,19:45,Fribourg - Lausanne,Regular Time,No Score,yes,
Second Leg,,7 mars 2026,19:45,Kloten - Lugano,Regular Time,No Score,yes,
Second Leg,,7 mars 2026,19:45,Zurich - Davos,Regular Time,No Score,yes,
Second Leg,,7 mars 2026,19:45,Zoug - Rapperswil,Regular Time,No Score,yes,
Second Leg,,9 mars 2026,19:45,Berne - Fribourg,Regular Time,No Score,yes,
Second Leg,,9 mars 2026,19:45,Davos - Bienne,Regular Time,No Score,yes,
Second Leg,,9 mars 2026,19:45,Geneve - Kloten,Regular Time,No Score,yes,
Second Leg,,9 mars 2026,19:45,Lugano - Zoug,Regular Time,No Score,yes,
Second Leg,,9 mars 2026,19:45,Lausanne - Ajoie,Regular Time,No Score,yes,
Second Leg,,9 mars 2026,19:45,Rapperswil - Ambri,Regular Time,No Score,yes,
Second Leg,,9 mars 2026,19:45,Langnau - Zurich,Regular Time,No Score,yes,
